Workbook

Sheet Resumo IME
A2: Ano: 2023 | B2: Janeiro | C2: Fevereiro | D2: Março | E2: Abril | F2: Maio | G2: Junho | H2: Julho | I2: Agosto | J2: Setembro | K2: Outubro | L2: Novembro | M2: Dezembro
A3: Distribuição de subscritores por distrito | P3: Fevereiro | Q3: Março | R3: Abril | S3: Maio | T3: Junho | U3: Julho | V3: Agosto | W3: Setembro | X3: Outubro | Y3: Novembro | Z3: Dezembro
A4: Província de Maputo | B4: =SUM(B5:B14) -> 3477427 | C4: =SUM(C5:C14) -> 3578438 | D4: =SUM(D5:D14) -> 3661519 | E4: =SUM(E5:E14) -> 3723212 | F4: =SUM(F5:F14) -> 3765956 | G4: =SUM(G5:G14) -> 3809473 | H4: =SUM(H5:H14) -> 3816476 | I4: =SUM(I5:I14) -> 3854228 | ... M4: =SUM(M5:M14) -> 3930057 | P4: =+C4/B4-1 -> 0.029047626 | Q4: =+D5/C5-1 -> 0.03026853 | R4: =+E5/D5-1 -> -0.0084524642 | S4: =+F5/E5-1 -> 0.0079936434 | T4: =+G5/F5-1 -> 0.014520092 | U4: =+H5/G5-1 -> 0.0045907046 | V4: =+I5/H5-1 -> 0.027452133 | W4: =+J5/I5-1 -> -0.0025515521 | X4: =+K5/J5-1 -> 0.013382953 | ... Z4: =+M5/L5-1 -> -0.0007482929
A5: Cidade de Maputo | B5: =SUM('subscritores das IME 2023'!B7:J7) -> 1363586 | C5: =SUM('subscritores das IME 2023'!K7:S7) -> 1410607 | D5: =SUM('subscritores das IME 2023'!T7:AB7) -> 1453304 | E5: =SUM('subscritores das IME 2023'!AC7:AK7) -> 1441020 | F5: =SUM('subscritores das IME 2023'!AL7:AT7) -> 1452539 | G5: =SUM('subscritores das IME 2023'!AU7:BC7) -> 1473630 | H5: =SUM('subscritores das IME 2023'!BD7:BL7) -> 1480395 | I5: =SUM('subscritores das IME 2023'!BM7:BU7) -> 1521035 | J5: =SUM('subscritores das IME 2023'!BV7:CD7) -> 1517154 | K5: =SUM('subscritores das IME 2023'!CE7:CM7) -> 1537458 | L5: =SUM('subscritores das IME 2023'!CN7:CV7) -> 1556877 | M5: =SUM('subscritores das IME 2023'!CW7:DE7) -> 1555712 | P5: =+C5/B5-1 -> 0.03448334 | Q5: =+D5/C5-1 -> 0.03026853 | R5: =+E5/D5-1 -> -0.0084524642 | S5: =+F5/E5-1 -> 0.0079936434 | T5: =+G5/F5-1 -> 0.014520092 | U5: =+H5/G5-1 -> 0.0045907046 | V5: =+I5/H5-1 -> 0.027452133 | W5: =+J5/I5-1 -> -0.0025515521 | ... Z5: =+M5/L5-1 -> -0.0007482929
A6: Cidade da Matola | B6: =SUM('subscritores das IME 2023'!B8:J8) -> 1228654 | C6: =SUM('subscritores das IME 2023'!K8:S8) -> 1252772 | D6: =SUM('subscritores das IME 2023'!T8:AB8) -> 1272717 | E6: =SUM('subscritores das IME 2023'!AC8:AK8) -> 1295056 | F6: =SUM('subscritores das IME 2023'!AL8:AT8) -> 1304247 | G6: =SUM('subscritores das IME 2023'!AU8:BC8) -> 1317887 | H6: =SUM('subscritores das IME 2023'!BD8:BL8) -> 1321095 | I6: =SUM('subscritores das IME 2023'!BM8:BU8) -> 1318637 | J6: =SUM('subscritores das IME 2023'!BV8:CD8) -> 1324668 | K6: =SUM('subscritores das IME 2023'!CE8:CM8) -> 1338062 | L6: =SUM('subscritores das IME 2023'!CN8:CV8) -> 1341920 | M6: =SUM('subscritores das IME 2023'!CW8:DE8) -> 1356619 | P6: =+C6/B6-1 -> 0.019629611 | Q6: =+D6/C6-1 -> 0.015920694 | R6: =+E6/D6-1 -> 0.017552213 | S6: =+F6/E6-1 -> 0.0070969904 | T6: =+G6/F6-1 -> 0.010458142 | U6: =+H6/G6-1 -> 0.0024341996 | V6: =+I6/H6-1 -> -0.0018605778 | W6: =+J6/I6-1 -> 0.004573662 | ... Z6: =+M6/L6-1 -> 0.010953708
A7: Boane | B7: =SUM('subscritores das IME 2023'!B9:J9) -> 256903 | C7: =SUM('subscritores das IME 2023'!K9:S9) -> 262171 | D7: =SUM('subscritores das IME 2023'!T9:AB9) -> 266491 | E7: =SUM('subscritores das IME 2023'!AC9:AK9) -> 273243 | F7: =SUM('subscritores das IME 2023'!AL9:AT9) -> 273762 | G7: =SUM('subscritores das IME 2023'!AU9:BC9) -> 276373 | H7: =SUM('subscritores das IME 2023'!BD9:BL9) -> 278093 | I7: =SUM('subscritores das IME 2023'!BM9:BU9) -> 277472 | J7: =SUM('subscritores das IME 2023'!BV9:CD9) -> 280883 | K7: =SUM('subscritores das IME 2023'!CE9:CM9) -> 285055 | L7: =SUM('subscritores das IME 2023'!CN9:CV9) -> 283930 | M7: =SUM('subscritores das IME 2023'!CW9:DE9) -> 286627 | P7: =+C7/B7-1 -> 0.020505794 | Q7: =+D7/C7-1 -> 0.016477795 | R7: =+E7/D7-1 -> 0.025336691 | S7: =+F7/E7-1 -> 0.0018994082 | T7: =+G7/F7-1 -> 0.0095374815 | U7: =+H7/G7-1 -> 0.0062234733 | V7: =+I7/H7-1 -> -0.0022330659 | W7: =+J7/I7-1 -> 0.012293132 | ... Z7: =+M7/L7-1 -> 0.0094988201
A8: Magude | B8: =SUM('subscritores das IME 2023'!B10:J10) -> 32770 | C8: =SUM('subscritores das IME 2023'!K10:S10) -> 33488 | D8: =SUM('subscritores das IME 2023'!T10:AB10) -> 34766 | E8: =SUM('subscritores das IME 2023'!AC10:AK10) -> 35760 | F8: =SUM('subscritores das IME 2023'!AL10:AT10) -> 35505 | G8: =SUM('subscritores das IME 2023'!AU10:BC10) -> 36270 | H8: =SUM('subscritores das IME 2023'!BD10:BL10) -> 36162 | I8: =SUM('subscritores das IME 2023'!BM10:BU10) -> 35887 | J8: =SUM('subscritores das IME 2023'!BV10:CD10) -> 35734 | K8: =SUM('subscritores das IME 2023'!CE10:CM10) -> 36172 | L8: =SUM('subscritores das IME 2023'!CN10:CV10) -> 36276 | M8: =SUM('subscritores das IME 2023'!CW10:DE10) -> 36529 | P8: =+C8/B8-1 -> 0.021910284 | Q8: =+D8/C8-1 -> 0.038162924 | R8: =+E8/D8-1 -> 0.028591152 | S8: =+F8/E8-1 -> -0.0071308725 | T8: =+G8/F8-1 -> 0.021546261 | U8: =+H8/G8-1 -> -0.0029776675 | V8: =+I8/H8-1 -> -0.0076046679 | W8: =+J8/I8-1 -> -0.0042633823 | ... Z8: =+M8/L8-1 -> 0.0069743081
A9: Manhiça | B9: =SUM('subscritores das IME 2023'!B11:J11) -> 173512 | C9: =SUM('subscritores das IME 2023'!K11:S11) -> 177409 | D9: =SUM('subscritores das IME 2023'!T11:AB11) -> 178832 | E9: =SUM('subscritores das IME 2023'!AC11:AK11) -> 180214 | F9: =SUM('subscritores das IME 2023'!AL11:AT11) -> 179780 | G9: =SUM('subscritores das IME 2023'!AU11:BC11) -> 180395 | H9: =SUM('subscritores das IME 2023'!BD11:BL11) -> 179832 | I9: =SUM('subscritores das IME 2023'!BM11:BU11) -> 178375 | J9: =SUM('subscritores das IME 2023'!BV11:CD11) -> 175430 | K9: =SUM('subscritores das IME 2023'!CE11:CM11) -> 177907 | L9: =SUM('subscritores das IME 2023'!CN11:CV11) -> 176124 | M9: =SUM('subscritores das IME 2023'!CW11:DE11) -> 178591 | P9: =+C9/B9-1 -> 0.022459542 | Q9: =+D9/C9-1 -> 0.0080210136 | R9: =+E9/D9-1 -> 0.0077279234 | S9: =+F9/E9-1 -> -0.002408248 | T9: =+G9/F9-1 -> 0.0034208477 | U9: =+H9/G9-1 -> -0.0031209291 | V9: =+I9/H9-1 -> -0.0081020063 | W9: =+J9/I9-1 -> -0.016510161 | ... Z9: =+M9/L9-1 -> 0.014007177
A10: Marracuene | B10: =SUM('subscritores das IME 2023'!B12:J12) -> 236469 | C10: =SUM('subscritores das IME 2023'!K12:S12) -> 242454 | D10: =SUM('subscritores das IME 2023'!T12:AB12) -> 247345 | E10: =SUM('subscritores das IME 2023'!AC12:AK12) -> 285381 | F10: =SUM('subscritores das IME 2023'!AL12:AT12) -> 295087 | G10: =SUM('subscritores das IME 2023'!AU12:BC12) -> 297883 | H10: =SUM('subscritores das IME 2023'!BD12:BL12) -> 301702 | I10: =SUM('subscritores das IME 2023'!BM12:BU12) -> 303649 | J10: =SUM('subscritores das IME 2023'!BV12:CD12) -> 307326 | K10: =SUM('subscritores das IME 2023'!CE12:CM12) -> 310137 | L10: =SUM('subscritores das IME 2023'!CN12:CV12) -> 311744 | M10: =SUM('subscritores das IME 2023'!CW12:DE12) -> 317033 | P10: =+C10/B10-1 -> 0.025309871 | Q10: =+D10/C10-1 -> 0.020172899 | R10: =+E10/D10-1 -> 0.15377711 | S10: =+F10/E10-1 -> 0.034010673 | T10: =+G10/F10-1 -> 0.0094751717 | U10: =+H10/G10-1 -> 0.01282047 | V10: =+I10/H10-1 -> 0.0064533878 | W10: =+J10/I10-1 -> 0.012109376 | ... Z10: =+M10/L10-1 -> 0.016965844
A11: Matutuíne | B11: =SUM('subscritores das IME 2023'!B13:J13) -> 41106 | C11: =SUM('subscritores das IME 2023'!K13:S13) -> 43524 | D11: =SUM('subscritores das IME 2023'!T13:AB13) -> 45025 | E11: =SUM('subscritores das IME 2023'!AC13:AK13) -> 46367 | F11: =SUM('subscritores das IME 2023'!AL13:AT13) -> 47044 | G11: =SUM('subscritores das IME 2023'!AU13:BC13) -> 47098 | H11: =SUM('subscritores das IME 2023'!BD13:BL13) -> 46127 | I11: =SUM('subscritores das IME 2023'!BM13:BU13) -> 46670 | J11: =SUM('subscritores das IME 2023'!BV13:CD13) -> 46671 | K11: =SUM('subscritores das IME 2023'!CE13:CM13) -> 46632 | L11: =SUM('subscritores das IME 2023'!CN13:CV13) -> 47015 | M11: =SUM('subscritores das IME 2023'!CW13:DE13) -> 46447 | P11: =+C11/B11-1 -> 0.058823529 | Q11: =+D11/C11-1 -> 0.03448672 | R11: =+E11/D11-1 -> 0.029805664 | S11: =+F11/E11-1 -> 0.014600902 | T11: =+G11/F11-1 -> 0.0011478616 | U11: =+H11/G11-1 -> -0.020616587 | V11: =+I11/H11-1 -> 0.011771847 | W11: =+J11/I11-1 -> 2.1427041e-05 | ... Z11: =+M11/L11-1 -> -0.012081251
A12: Namaacha | B12: =SUM('subscritores das IME 2023'!B14:J14) -> 39367 | C12: =SUM('subscritores das IME 2023'!K14:S14) -> 40169 | D12: =SUM('subscritores das IME 2023'!T14:AB14) -> 42162 | E12: =SUM('subscritores das IME 2023'!AC14:AK14) -> 42038 | F12: =SUM('subscritores das IME 2023'!AL14:AT14) -> 46069 | G12: =SUM('subscritores das IME 2023'!AU14:BC14) -> 46993 | H12: =SUM('subscritores das IME 2023'!BD14:BL14) -> 44399 | I12: =SUM('subscritores das IME 2023'!BM14:BU14) -> 43927 | J12: =SUM('subscritores das IME 2023'!BV14:CD14) -> 43014 | K12: =SUM('subscritores das IME 2023'!CE14:CM14) -> 42180 | L12: =SUM('subscritores das IME 2023'!CN14:CV14) -> 41792 | M12: =SUM('subscritores das IME 2023'!CW14:DE14) -> 40434 | P12: =+C12/B12-1 -> 0.020372393 | Q12: =+D12/C12-1 -> 0.049615375 | R12: =+E12/D12-1 -> -0.002941037 | S12: =+F12/E12-1 -> 0.095889433 | T12: =+G12/F12-1 -> 0.020056871 | U12: =+H12/G12-1 -> -0.055199711 | V12: =+I12/H12-1 -> -0.01063087 | W12: =+J12/I12-1 -> -0.020784483 | ... Z12: =+M12/L12-1 -> -0.032494257
A13: Moamba | B13: =SUM('subscritores das IME 2023'!B15:J15) -> 105060 | C13: =SUM('subscritores das IME 2023'!K15:S15) -> 115844 | D13: =SUM('subscritores das IME 2023'!T15:AB15) -> 120877 | E13: =SUM('subscritores das IME 2023'!AC15:AK15) -> 124133 | F13: =SUM('subscritores das IME 2023'!AL15:AT15) -> 131923 | G13: =SUM('subscritores das IME 2023'!AU15:BC15) -> 132944 | H13: =SUM('subscritores das IME 2023'!BD15:BL15) -> 128671 | I13: =SUM('subscritores das IME 2023'!BM15:BU15) -> 128576 | J13: =SUM('subscritores das IME 2023'!BV15:CD15) -> 123577 | K13: =SUM('subscritores das IME 2023'!CE15:CM15) -> 124171 | L13: =SUM('subscritores das IME 2023'!CN15:CV15) -> 122879 | M13: =SUM('subscritores das IME 2023'!CW15:DE15) -> 112065 | P13: =+C13/B13-1 -> 0.10264611 | Q13: =+D13/C13-1 -> 0.043446359 | R13: =+E13/D13-1 -> 0.026936473 | S13: =+F13/E13-1 -> 0.062755271 | T13: =+G13/F13-1 -> 0.0077393631 | U13: =+H13/G13-1 -> -0.032141353 | V13: =+I13/H13-1 -> -0.0007383171 | W13: =+J13/I13-1 -> -0.038879729 | ... Z13: =+M13/L13-1 -> -0.088005273
B14: =SUM('subscritores das IME 2023'!B16:J16) -> 0 | C14: =SUM('subscritores das IME 2023'!K16:S16) -> 0 | D14: =SUM('subscritores das IME 2023'!T16:AB16) -> 0 | E14: =SUM('subscritores das IME 2023'!AC16:AK16) -> 0 | F14: =SUM('subscritores das IME 2023'!AL16:AT16) -> 0 | G14: =SUM('subscritores das IME 2023'!AU16:BC16) -> 0 | H14: =SUM('subscritores das IME 2023'!BD16:BL16) -> 0 | I14: =SUM('subscritores das IME 2023'!BM16:BU16) -> 0 | J14: =SUM('subscritores das IME 2023'!BV16:CD16) -> 0 | K14: =SUM('subscritores das IME 2023'!CE16:CM16) -> 0 | L14: =SUM('subscritores das IME 2023'!CN16:CV16) -> 0 | M14: =SUM('subscritores das IME 2023'!CW16:DE16) -> 0 | P14: =+C14/B14-1 -> #DIV/0! | Q14: =+D14/C14-1 -> #DIV/0! | R14: =+E14/D14-1 -> #DIV/0! | S14: =+F14/E14-1 -> #DIV/0! | T14: =+G14/F14-1 -> #DIV/0! | U14: =+H14/G14-1 -> #DIV/0! | V14: =+I14/H14-1 -> #DIV/0! | W14: =+J14/I14-1 -> #DIV/0! | ... Z14: =+M14/L14-1 -> #DIV/0!
A15: Gaza | B15: =SUM(B16:B30) -> 841021 | C15: =SUM(C16:C30) -> 833714 | D15: =SUM(D16:D30) -> 846011 | E15: =SUM(E16:E30) -> 858309 | F15: =SUM(F16:F30) -> 848957 | G15: =SUM(G16:G30) -> 856505 | H15: =SUM(H16:H30) -> 856572 | I15: =SUM(I16:I30) -> 860400 | ... M15: =SUM(M16:M30) -> 907842 | P15: =+C15/B15-1 -> -0.0086882492 | Q15: =+D15/C15-1 -> 0.014749662 | R15: =+E15/D15-1 -> 0.014536454 | S15: =+F15/E15-1 -> -0.010895843 | T15: =+G15/F15-1 -> 0.0088909097 | U15: =+H15/G15-1 -> 7.8224879e-05 | V15: =+I15/H15-1 -> 0.0044689763 | W15: =+J15/I15-1 -> 0.00023593677 | ... Z15: =+M15/L15-1 -> 0.041201122
A16: Cidade de Xai-Xai | B16: =SUM('subscritores das IME 2023'!B18:J18) -> 156596 | C16: =SUM('subscritores das IME 2023'!K18:S18) -> 158398 | D16: =SUM('subscritores das IME 2023'!T18:AB18) -> 159957 | E16: =SUM('subscritores das IME 2023'!AC18:AK18) -> 161836 | F16: =SUM('subscritores das IME 2023'!AL18:AT18) -> 161615 | G16: =SUM('subscritores das IME 2023'!AU18:BC18) -> 161498 | H16: =SUM('subscritores das IME 2023'!BD18:BL18) -> 161769 | I16: =SUM('subscritores das IME 2023'!BM18:BU18) -> 162670 | J16: =SUM('subscritores das IME 2023'!BV18:CD18) -> 163020 | K16: =SUM('subscritores das IME 2023'!CE18:CM18) -> 164059 | L16: =SUM('subscritores das IME 2023'!CN18:CV18) -> 163985 | M16: =SUM('subscritores das IME 2023'!CW18:DE18) -> 168020 | P16: =+C16/B16-1 -> 0.011507318 | Q16: =+D16/C16-1 -> 0.009842296 | R16: =+E16/D16-1 -> 0.011746907 | S16: =+F16/E16-1 -> -0.00136558 | T16: =+G16/F16-1 -> -0.0007239427 | U16: =+H16/G16-1 -> 0.0016780394 | V16: =+I16/H16-1 -> 0.0055696703 | W16: =+J16/I16-1 -> 0.0021515953 | ... Z16: =+M16/L16-1 -> 0.024605909
A17: Bilene-Macia | B17: =SUM('subscritores das IME 2023'!B19:J19) -> 133750 | C17: =SUM('subscritores das IME 2023'!K19:S19) -> 133057 | D17: =SUM('subscritores das IME 2023'!T19:AB19) -> 134229 | E17: =SUM('subscritores das IME 2023'!AC19:AK19) -> 135772 | F17: =SUM('subscritores das IME 2023'!AL19:AT19) -> 132401 | G17: =SUM('subscritores das IME 2023'!AU19:BC19) -> 134802 | H17: =SUM('subscritores das IME 2023'!BD19:BL19) -> 133935 | I17: =SUM('subscritores das IME 2023'!BM19:BU19) -> 134751 | J17: =SUM('subscritores das IME 2023'!BV19:CD19) -> 134667 | K17: =SUM('subscritores das IME 2023'!CE19:CM19) -> 135723 | L17: =SUM('subscritores das IME 2023'!CN19:CV19) -> 136430 | M17: =SUM('subscritores das IME 2023'!CW19:DE19) -> 143332 | P17: =+C17/B17-1 -> -0.0051813084 | Q17: =+D17/C17-1 -> 0.0088082551 | R17: =+E17/D17-1 -> 0.01149528 | S17: =+F17/E17-1 -> -0.024828389 | T17: =+G17/F17-1 -> 0.018134304 | U17: =+H17/G17-1 -> -0.0064316553 | V17: =+I17/H17-1 -> 0.0060925076 | W17: =+J17/I17-1 -> -0.000623372 | ... Z17: =+M17/L17-1 -> 0.050590046
A18: Chibuto | B18: =SUM('subscritores das IME 2023'!B20:J20) -> 109725 | C18: =SUM('subscritores das IME 2023'!K20:S20) -> 106966 | D18: =SUM('subscritores das IME 2023'!T20:AB20) -> 108578 | E18: =SUM('subscritores das IME 2023'!AC20:AK20) -> 109861 | F18: =SUM('subscritores das IME 2023'!AL20:AT20) -> 108732 | G18: =SUM('subscritores das IME 2023'!AU20:BC20) -> 109452 | H18: =SUM('subscritores das IME 2023'!BD20:BL20) -> 109400 | I18: =SUM('subscritores das IME 2023'!BM20:BU20) -> 110373 | J18: =SUM('subscritores das IME 2023'!BV20:CD20) -> 110972 | K18: =SUM('subscritores das IME 2023'!CE20:CM20) -> 112385 | L18: =SUM('subscritores das IME 2023'!CN20:CV20) -> 113383 | M18: =SUM('subscritores das IME 2023'!CW20:DE20) -> 118315 | P18: =+C18/B18-1 -> -0.02514468 | Q18: =+D18/C18-1 -> 0.015070209 | R18: =+E18/D18-1 -> 0.01181639 | S18: =+F18/E18-1 -> -0.010276622 | T18: =+G18/F18-1 -> 0.0066217857 | U18: =+H18/G18-1 -> -0.00047509411 | V18: =+I18/H18-1 -> 0.0088939671 | W18: =+J18/I18-1 -> 0.0054270519 | ... Z18: =+M18/L18-1 -> 0.043498584
A19: Chicualacuala | B19: =SUM('subscritores das IME 2023'!B21:J21) -> 8619 | C19: =SUM('subscritores das IME 2023'!K21:S21) -> 8460 | D19: =SUM('subscritores das IME 2023'!T21:AB21) -> 9072 | E19: =SUM('subscritores das IME 2023'!AC21:AK21) -> 9687 | F19: =SUM('subscritores das IME 2023'!AL21:AT21) -> 10764 | G19: =SUM('subscritores das IME 2023'!AU21:BC21) -> 11063 | H19: =SUM('subscritores das IME 2023'!BD21:BL21) -> 10971 | I19: =SUM('subscritores das IME 2023'!BM21:BU21) -> 11195 | J19: =SUM('subscritores das IME 2023'!BV21:CD21) -> 10957 | K19: =SUM('subscritores das IME 2023'!CE21:CM21) -> 11011 | L19: =SUM('subscritores das IME 2023'!CN21:CV21) -> 10855 | M19: =SUM('subscritores das IME 2023'!CW21:DE21) -> 10506 | P19: =+C19/B19-1 -> -0.018447616 | Q19: =+D19/C19-1 -> 0.072340426 | R19: =+E19/D19-1 -> 0.067791005 | S19: =+F19/E19-1 -> 0.11117993 | T19: =+G19/F19-1 -> 0.027777778 | U19: =+H19/G19-1 -> -0.0083160083 | V19: =+I19/H19-1 -> 0.020417464 | W19: =+J19/I19-1 -> -0.021259491 | ... Z19: =+M19/L19-1 -> -0.032151082
A20: Chigubo | B20: =SUM('subscritores das IME 2023'!B22:J22) -> 3999 | C20: =SUM('subscritores das IME 2023'!K22:S22) -> 4271 | D20: =SUM('subscritores das IME 2023'!T22:AB22) -> 4461 | E20: =SUM('subscritores das IME 2023'!AC22:AK22) -> 4658 | F20: =SUM('subscritores das IME 2023'!AL22:AT22) -> 4883 | G20: =SUM('subscritores das IME 2023'!AU22:BC22) -> 5101 | H20: =SUM('subscritores das IME 2023'!BD22:BL22) -> 5484 | I20: =SUM('subscritores das IME 2023'!BM22:BU22) -> 5747 | J20: =SUM('subscritores das IME 2023'!BV22:CD22) -> 5942 | K20: =SUM('subscritores das IME 2023'!CE22:CM22) -> 6147 | L20: =SUM('subscritores das IME 2023'!CN22:CV22) -> 6368 | M20: =SUM('subscritores das IME 2023'!CW22:DE22) -> 6214 | P20: =+C20/B20-1 -> 0.068017004 | Q20: =+D20/C20-1 -> 0.044486069 | R20: =+E20/D20-1 -> 0.044160502 | S20: =+F20/E20-1 -> 0.048303993 | T20: =+G20/F20-1 -> 0.044644686 | U20: =+H20/G20-1 -> 0.075083317 | V20: =+I20/H20-1 -> 0.047957695 | W20: =+J20/I20-1 -> 0.033930746 | ... Z20: =+M20/L20-1 -> -0.024183417
A21: Chókwè | B21: =SUM('subscritores das IME 2023'!B23:J23) -> 117401 | C21: =SUM('subscritores das IME 2023'!K23:S23) -> 117878 | D21: =SUM('subscritores das IME 2023'!T23:AB23) -> 120834 | E21: =SUM('subscritores das IME 2023'!AC23:AK23) -> 124188 | F21: =SUM('subscritores das IME 2023'!AL23:AT23) -> 122181 | G21: =SUM('subscritores das IME 2023'!AU23:BC23) -> 123536 | H21: =SUM('subscritores das IME 2023'!BD23:BL23) -> 124019 | I21: =SUM('subscritores das IME 2023'!BM23:BU23) -> 124979 | J21: =SUM('subscritores das IME 2023'!BV23:CD23) -> 123175 | K21: =SUM('subscritores das IME 2023'!CE23:CM23) -> 124287 | L21: =SUM('subscritores das IME 2023'!CN23:CV23) -> 124608 | M21: =SUM('subscritores das IME 2023'!CW23:DE23) -> 129322 | P21: =+C21/B21-1 -> 0.0040629978 | Q21: =+D21/C21-1 -> 0.025076774 | R21: =+E21/D21-1 -> 0.027757088 | S21: =+F21/E21-1 -> -0.016160982 | T21: =+G21/F21-1 -> 0.011090104 | U21: =+H21/G21-1 -> 0.0039097915 | V21: =+I21/H21-1 -> 0.0077407494 | W21: =+J21/I21-1 -> -0.014434425 | ... Z21: =+M21/L21-1 -> 0.037830637
A22: Guijá | B22: =SUM('subscritores das IME 2023'!B24:J24) -> 33514 | C22: =SUM('subscritores das IME 2023'!K24:S24) -> 33214 | D22: =SUM('subscritores das IME 2023'!T24:AB24) -> 33974 | E22: =SUM('subscritores das IME 2023'!AC24:AK24) -> 33840 | F22: =SUM('subscritores das IME 2023'!AL24:AT24) -> 34186 | G22: =SUM('subscritores das IME 2023'!AU24:BC24) -> 34734 | H22: =SUM('subscritores das IME 2023'!BD24:BL24) -> 35003 | I22: =SUM('subscritores das IME 2023'!BM24:BU24) -> 35134 | J22: =SUM('subscritores das IME 2023'!BV24:CD24) -> 35508 | K22: =SUM('subscritores das IME 2023'!CE24:CM24) -> 35919 | L22: =SUM('subscritores das IME 2023'!CN24:CV24) -> 36124 | M22: =SUM('subscritores das IME 2023'!CW24:DE24) -> 37386 | P22: =+C22/B22-1 -> -0.008951483 | Q22: =+D22/C22-1 -> 0.022881917 | R22: =+E22/D22-1 -> -0.0039441926 | S22: =+F22/E22-1 -> 0.010224586 | T22: =+G22/F22-1 -> 0.016029954 | U22: =+H22/G22-1 -> 0.007744573 | V22: =+I22/H22-1 -> 0.0037425364 | W22: =+J22/I22-1 -> 0.010644959 | ... Z22: =+M22/L22-1 -> 0.034935223
A23: Mabalane | B23: =SUM('subscritores das IME 2023'!B25:J25) -> 12121 | C23: =SUM('subscritores das IME 2023'!K25:S25) -> 12339 | D23: =SUM('subscritores das IME 2023'!T25:AB25) -> 12692 | E23: =SUM('subscritores das IME 2023'!AC25:AK25) -> 12728 | F23: =SUM('subscritores das IME 2023'!AL25:AT25) -> 12989 | G23: =SUM('subscritores das IME 2023'!AU25:BC25) -> 13045 | H23: =SUM('subscritores das IME 2023'!BD25:BL25) -> 13031 | I23: =SUM('subscritores das IME 2023'!BM25:BU25) -> 13401 | J23: =SUM('subscritores das IME 2023'!BV25:CD25) -> 13204 | K23: =SUM('subscritores das IME 2023'!CE25:CM25) -> 13532 | L23: =SUM('subscritores das IME 2023'!CN25:CV25) -> 13721 | M23: =SUM('subscritores das IME 2023'!CW25:DE25) -> 13723 | P23: =+C23/B23-1 -> 0.017985315 | Q23: =+D23/C23-1 -> 0.028608477 | R23: =+E23/D23-1 -> 0.0028364324 | S23: =+F23/E23-1 -> 0.020505971 | T23: =+G23/F23-1 -> 0.0043113404 | U23: =+H23/G23-1 -> -0.0010732081 | V23: =+I23/H23-1 -> 0.02839383 | W23: =+J23/I23-1 -> -0.014700395 | ... Z23: =+M23/L23-1 -> 0.00014576197
A24: Manjacaze | B24: =SUM('subscritores das IME 2023'!B26:J26) -> 84808 | C24: =SUM('subscritores das IME 2023'!K26:S26) -> 81901 | D24: =SUM('subscritores das IME 2023'!T26:AB26) -> 82800 | E24: =SUM('subscritores das IME 2023'!AC26:AK26) -> 84270 | F24: =SUM('subscritores das IME 2023'!AL26:AT26) -> 80441 | G24: =SUM('subscritores das IME 2023'!AU26:BC26) -> 80358 | H24: =SUM('subscritores das IME 2023'!BD26:BL26) -> 80839 | I24: =SUM('subscritores das IME 2023'!BM26:BU26) -> 80370 | J24: =SUM('subscritores das IME 2023'!BV26:CD26) -> 80513 | K24: =SUM('subscritores das IME 2023'!CE26:CM26) -> 82086 | L24: =SUM('subscritores das IME 2023'!CN26:CV26) -> 82677 | M24: =SUM('subscritores das IME 2023'!CW26:DE26) -> 87464 | P24: =+C24/B24-1 -> -0.034277427 | Q24: =+D24/C24-1 -> 0.010976667 | R24: =+E24/D24-1 -> 0.017753623 | S24: =+F24/E24-1 -> -0.045437285 | T24: =+G24/F24-1 -> -0.0010318121 | U24: =+H24/G24-1 -> 0.0059857139 | V24: =+I24/H24-1 -> -0.0058016551 | W24: =+J24/I24-1 -> 0.0017792709 | ... Z24: =+M24/L24-1 -> 0.057900021
A25: Massangena | B25: =SUM('subscritores das IME 2023'!B27:J27) -> 4284 | C25: =SUM('subscritores das IME 2023'!K27:S27) -> 4501 | D25: =SUM('subscritores das IME 2023'!T27:AB27) -> 4639 | E25: =SUM('subscritores das IME 2023'!AC27:AK27) -> 4788 | F25: =SUM('subscritores das IME 2023'!AL27:AT27) -> 4788 | G25: =SUM('subscritores das IME 2023'!AU27:BC27) -> 5051 | H25: =SUM('subscritores das IME 2023'!BD27:BL27) -> 5284 | I25: =SUM('subscritores das IME 2023'!BM27:BU27) -> 5395 | J25: =SUM('subscritores das IME 2023'!BV27:CD27) -> 5483 | K25: =SUM('subscritores das IME 2023'!CE27:CM27) -> 5577 | L25: =SUM('subscritores das IME 2023'!CN27:CV27) -> 5766 | M25: =SUM('subscritores das IME 2023'!CW27:DE27) -> 5887 | P25: =+C25/B25-1 -> 0.050653595 | Q25: =+D25/C25-1 -> 0.030659853 | R25: =+E25/D25-1 -> 0.032118991 | S25: =+F25/E25-1 -> 0 | T25: =+G25/F25-1 -> 0.054928989 | U25: =+H25/G25-1 -> 0.046129479 | V25: =+I25/H25-1 -> 0.021006813 | W25: =+J25/I25-1 -> 0.016311399 | ... Z25: =+M25/L25-1 -> 0.020985085
A26: Massingir | B26: =SUM('subscritores das IME 2023'!B28:J28) -> 8505 | C26: =SUM('subscritores das IME 2023'!K28:S28) -> 8827 | D26: =SUM('subscritores das IME 2023'!T28:AB28) -> 8918 | E26: =SUM('subscritores das IME 2023'!AC28:AK28) -> 8972 | F26: =SUM('subscritores das IME 2023'!AL28:AT28) -> 9294 | G26: =SUM('subscritores das IME 2023'!AU28:BC28) -> 9427 | H26: =SUM('subscritores das IME 2023'!BD28:BL28) -> 9790 | I26: =SUM('subscritores das IME 2023'!BM28:BU28) -> 10060 | J26: =SUM('subscritores das IME 2023'!BV28:CD28) -> 10347 | K26: =SUM('subscritores das IME 2023'!CE28:CM28) -> 10824 | L26: =SUM('subscritores das IME 2023'!CN28:CV28) -> 11010 | M26: =SUM('subscritores das IME 2023'!CW28:DE28) -> 11116 | P26: =+C26/B26-1 -> 0.037860082 | Q26: =+D26/C26-1 -> 0.010309278 | R26: =+E26/D26-1 -> 0.0060551693 | S26: =+F26/E26-1 -> 0.035889434 | T26: =+G26/F26-1 -> 0.014310308 | U26: =+H26/G26-1 -> 0.038506418 | V26: =+I26/H26-1 -> 0.027579162 | W26: =+J26/I26-1 -> 0.028528827 | ... Z26: =+M26/L26-1 -> 0.0096276113
A27: Chonguene | B27: =SUM('subscritores das IME 2023'!B29:J29) -> 75338 | C27: =SUM('subscritores das IME 2023'!K29:S29) -> 73709 | D27: =SUM('subscritores das IME 2023'!T29:AB29) -> 75057 | E27: =SUM('subscritores das IME 2023'!AC29:AK29) -> 75648 | F27: =SUM('subscritores das IME 2023'!AL29:AT29) -> 76062 | G27: =SUM('subscritores das IME 2023'!AU29:BC29) -> 76145 | H27: =SUM('subscritores das IME 2023'!BD29:BL29) -> 75045 | I27: =SUM('subscritores das IME 2023'!BM29:BU29) -> 74923 | J27: =SUM('subscritores das IME 2023'!BV29:CD29) -> 75231 | K27: =SUM('subscritores das IME 2023'!CE29:CM29) -> 75342 | L27: =SUM('subscritores das IME 2023'!CN29:CV29) -> 74966 | M27: =SUM('subscritores das IME 2023'!CW29:DE29) -> 78569 | P27: =+C27/B27-1 -> -0.021622554 | Q27: =+D27/C27-1 -> 0.018288133 | R27: =+E27/D27-1 -> 0.0078740157 | S27: =+F27/E27-1 -> 0.0054727157 | T27: =+G27/F27-1 -> 0.0010912151 | U27: =+H27/G27-1 -> -0.014446123 | V27: =+I27/H27-1 -> -0.0016256913 | W27: =+J27/I27-1 -> 0.0041108872 | ... Z27: =+M27/L27-1 -> 0.048061788
... A29: Limpopo | B29: =SUM('subscritores das IME 2023'!B31:J31) -> 81588 | C29: =SUM('subscritores das IME 2023'!K31:S31) -> 78896 | D29: =SUM('subscritores das IME 2023'!T31:AB31) -> 79005 | E29: =SUM('subscritores das IME 2023'!AC31:AK31) -> 79896 | F29: =SUM('subscritores das IME 2023'!AL31:AT31) -> 78103 | G29: =SUM('subscritores das IME 2023'!AU31:BC31) -> 79427 | H29: =SUM('subscritores das IME 2023'!BD31:BL31) -> 78788 | I29: =SUM('subscritores das IME 2023'!BM31:BU31) -> 77815 | J29: =SUM('subscritores das IME 2023'!BV31:CD31) -> 77775 | K29: =SUM('subscritores das IME 2023'!CE31:CM31) -> 77773 | L29: =SUM('subscritores das IME 2023'!CN31:CV31) -> 77593 | M29: =SUM('subscritores das IME 2023'!CW31:DE31) -> 83187 | P29: =+C29/B29-1 -> -0.032995048 | Q29: =+D29/C29-1 -> 0.0013815656 | R29: =+E29/D29-1 -> 0.011277767 | S29: =+F29/E29-1 -> -0.022441674 | T29: =+G29/F29-1 -> 0.016951974 | U29: =+H29/G29-1 -> -0.0080451232 | V29: =+I29/H29-1 -> -0.012349596 | W29: =+J29/I29-1 -> -0.00051403971 | ... Z29: =+M29/L29-1 -> 0.072094132
B30: =SUM('subscritores das IME 2023'!B32:J32) -> 0 | C30: =SUM('subscritores das IME 2023'!K32:S32) -> 0 | D30: =SUM('subscritores das IME 2023'!T32:AB32) -> 0 | E30: =SUM('subscritores das IME 2023'!AC32:AK32) -> 0 | F30: =SUM('subscritores das IME 2023'!AL32:AT32) -> 0 | G30: =SUM('subscritores das IME 2023'!AU32:BC32) -> 0 | H30: =SUM('subscritores das IME 2023'!BD32:BL32) -> 0 | I30: =SUM('subscritores das IME 2023'!BM32:BU32) -> 0 | J30: =SUM('subscritores das IME 2023'!BV32:CD32) -> 0 | K30: =SUM('subscritores das IME 2023'!CE32:CM32) -> 0 | L30: =SUM('subscritores das IME 2023'!CN32:CV32) -> 0 | M30: =SUM('subscritores das IME 2023'!CW32:DE32) -> 0 | P30: =+C30/B30-1 -> #DIV/0! | Q30: =+D30/C30-1 -> #DIV/0! | R30: =+E30/D30-1 -> #DIV/0! | S30: =+F30/E30-1 -> #DIV/0! | T30: =+G30/F30-1 -> #DIV/0! | U30: =+H30/G30-1 -> #DIV/0! | V30: =+I30/H30-1 -> #DIV/0! | W30: =+J30/I30-1 -> #DIV/0! | ... Z30: =+M30/L30-1 -> #DIV/0!
A31: Inhambane | B31: =SUM(B32:B46) -> 916998 | C31: =SUM(C32:C46) -> 902753 | D31: =SUM(D32:D46) -> 915078 | E31: =SUM(E32:E46) -> 926380 | F31: =SUM(F32:F46) -> 908764 | G31: =SUM(G32:G46) -> 918293 | H31: =SUM(H32:H46) -> 914299 | I31: =SUM(I32:I46) -> 916304 | ... M31: =SUM(M32:M46) -> 984381 | P31: =+C31/B31-1 -> -0.015534385 | Q31: =+D31/C31-1 -> 0.013652682 | R31: =+E31/D31-1 -> 0.01235086 | S31: =+F31/E31-1 -> -0.019015955 | T31: =+G31/F31-1 -> 0.010485671 | U31: =+H31/G31-1 -> -0.0043493743 | V31: =+I31/H31-1 -> 0.0021929369 | W31: =+J31/I31-1 -> 0.0041798355 | ... Z31: =+M31/L31-1 -> 0.043319142
A32: Cidade de Inhambane | B32: =SUM('subscritores das IME 2023'!B34:J34) -> 90707 | C32: =SUM('subscritores das IME 2023'!K34:S34) -> 91290 | D32: =SUM('subscritores das IME 2023'!T34:AB34) -> 93090 | E32: =SUM('subscritores das IME 2023'!AC34:AK34) -> 94986 | F32: =SUM('subscritores das IME 2023'!AL34:AT34) -> 97007 | G32: =SUM('subscritores das IME 2023'!AU34:BC34) -> 97848 | H32: =SUM('subscritores das IME 2023'!BD34:BL34) -> 96348 | I32: =SUM('subscritores das IME 2023'!BM34:BU34) -> 99250 | J32: =SUM('subscritores das IME 2023'!BV34:CD34) -> 100434 | K32: =SUM('subscritores das IME 2023'!CE34:CM34) -> 104011 | L32: =SUM('subscritores das IME 2023'!CN34:CV34) -> 105162 | M32: =SUM('subscritores das IME 2023'!CW34:DE34) -> 106902 | P32: =+C32/B32-1 -> 0.0064272879 | Q32: =+D32/C32-1 -> 0.019717384 | R32: =+E32/D32-1 -> 0.020367386 | S32: =+F32/E32-1 -> 0.02127682 | T32: =+G32/F32-1 -> 0.0086694775 | U32: =+H32/G32-1 -> -0.015329899 | V32: =+I32/H32-1 -> 0.030119982 | W32: =+J32/I32-1 -> 0.011929471 | ... Z32: =+M32/L32-1 -> 0.016545901
A33: Cidade de Maxixe | B33: =SUM('subscritores das IME 2023'!B35:J35) -> 124272 | C33: =SUM('subscritores das IME 2023'!K35:S35) -> 123065 | D33: =SUM('subscritores das IME 2023'!T35:AB35) -> 125788 | E33: =SUM('subscritores das IME 2023'!AC35:AK35) -> 127592 | F33: =SUM('subscritores das IME 2023'!AL35:AT35) -> 129282 | G33: =SUM('subscritores das IME 2023'!AU35:BC35) -> 129361 | H33: =SUM('subscritores das IME 2023'!BD35:BL35) -> 127782 | I33: =SUM('subscritores das IME 2023'!BM35:BU35) -> 127625 | J33: =SUM('subscritores das IME 2023'!BV35:CD35) -> 127473 | K33: =SUM('subscritores das IME 2023'!CE35:CM35) -> 128473 | L33: =SUM('subscritores das IME 2023'!CN35:CV35) -> 127803 | M33: =SUM('subscritores das IME 2023'!CW35:DE35) -> 131272 | P33: =+C33/B33-1 -> -0.009712566 | Q33: =+D33/C33-1 -> 0.022126519 | R33: =+E33/D33-1 -> 0.014341591 | S33: =+F33/E33-1 -> 0.013245345 | T33: =+G33/F33-1 -> 0.00061106728 | U33: =+H33/G33-1 -> -0.012206152 | V33: =+I33/H33-1 -> -0.0012286551 | W33: =+J33/I33-1 -> -0.0011909892 | ... Z33: =+M33/L33-1 -> 0.027143338
A34: Funhaloro | B34: =SUM('subscritores das IME 2023'!B36:J36) -> 12683 | C34: =SUM('subscritores das IME 2023'!K36:S36) -> 12648 | D34: =SUM('subscritores das IME 2023'!T36:AB36) -> 12813 | E34: =SUM('subscritores das IME 2023'!AC36:AK36) -> 13081 | F34: =SUM('subscritores das IME 2023'!AL36:AT36) -> 12937 | G34: =SUM('subscritores das IME 2023'!AU36:BC36) -> 13331 | H34: =SUM('subscritores das IME 2023'!BD36:BL36) -> 13359 | I34: =SUM('subscritores das IME 2023'!BM36:BU36) -> 13628 | J34: =SUM('subscritores das IME 2023'!BV36:CD36) -> 13854 | K34: =SUM('subscritores das IME 2023'!CE36:CM36) -> 14077 | L34: =SUM('subscritores das IME 2023'!CN36:CV36) -> 14357 | M34: =SUM('subscritores das IME 2023'!CW36:DE36) -> 15349 | P34: =+C34/B34-1 -> -0.0027595995 | Q34: =+D34/C34-1 -> 0.013045541 | R34: =+E34/D34-1 -> 0.020916257 | S34: =+F34/E34-1 -> -0.011008333 | T34: =+G34/F34-1 -> 0.030455283 | U34: =+H34/G34-1 -> 0.0021003676 | V34: =+I34/H34-1 -> 0.020136238 | W34: =+J34/I34-1 -> 0.016583505 | ... Z34: =+M34/L34-1 -> 0.069095215
A35: Govuro | B35: =SUM('subscritores das IME 2023'!B37:J37) -> 23554 | C35: =SUM('subscritores das IME 2023'!K37:S37) -> 23573 | D35: =SUM('subscritores das IME 2023'!T37:AB37) -> 24072 | E35: =SUM('subscritores das IME 2023'!AC37:AK37) -> 25067 | F35: =SUM('subscritores das IME 2023'!AL37:AT37) -> 24671 | G35: =SUM('subscritores das IME 2023'!AU37:BC37) -> 26560 | H35: =SUM('subscritores das IME 2023'!BD37:BL37) -> 26765 | I35: =SUM('subscritores das IME 2023'!BM37:BU37) -> 27358 | J35: =SUM('subscritores das IME 2023'!BV37:CD37) -> 27660 | K35: =SUM('subscritores das IME 2023'!CE37:CM37) -> 28594 | L35: =SUM('subscritores das IME 2023'!CN37:CV37) -> 29198 | M35: =SUM('subscritores das IME 2023'!CW37:DE37) -> 29310 | P35: =+C35/B35-1 -> 0.00080665704 | Q35: =+D35/C35-1 -> 0.021168286 | R35: =+E35/D35-1 -> 0.04133433 | S35: =+F35/E35-1 -> -0.015797662 | T35: =+G35/F35-1 -> 0.07656763 | U35: =+H35/G35-1 -> 0.0077183735 | V35: =+I35/H35-1 -> 0.0221558 | W35: =+J35/I35-1 -> 0.011038819 | ... Z35: =+M35/L35-1 -> 0.0038358792
A36: Homoine | B36: =SUM('subscritores das IME 2023'!B38:J38) -> 46109 | C36: =SUM('subscritores das IME 2023'!K38:S38) -> 45285 | D36: =SUM('subscritores das IME 2023'!T38:AB38) -> 46095 | E36: =SUM('subscritores das IME 2023'!AC38:AK38) -> 46257 | F36: =SUM('subscritores das IME 2023'!AL38:AT38) -> 45357 | G36: =SUM('subscritores das IME 2023'!AU38:BC38) -> 46392 | H36: =SUM('subscritores das IME 2023'!BD38:BL38) -> 46359 | I36: =SUM('subscritores das IME 2023'!BM38:BU38) -> 46727 | J36: =SUM('subscritores das IME 2023'!BV38:CD38) -> 46983 | K36: =SUM('subscritores das IME 2023'!CE38:CM38) -> 47735 | L36: =SUM('subscritores das IME 2023'!CN38:CV38) -> 47306 | M36: =SUM('subscritores das IME 2023'!CW38:DE38) -> 50576 | P36: =+C36/B36-1 -> -0.017870698 | Q36: =+D36/C36-1 -> 0.017886717 | R36: =+E36/D36-1 -> 0.003514481 | S36: =+F36/E36-1 -> -0.019456515 | T36: =+G36/F36-1 -> 0.02281897 | U36: =+H36/G36-1 -> -0.00071132954 | V36: =+I36/H36-1 -> 0.0079380487 | W36: =+J36/I36-1 -> 0.0054786312 | ... Z36: =+M36/L36-1 -> 0.069124424
A37: Inharrime | B37: =SUM('subscritores das IME 2023'!B39:J39) -> 70758 | C37: =SUM('subscritores das IME 2023'!K39:S39) -> 69845 | D37: =SUM('subscritores das IME 2023'!T39:AB39) -> 69784 | E37: =SUM('subscritores das IME 2023'!AC39:AK39) -> 68614 | F37: =SUM('subscritores das IME 2023'!AL39:AT39) -> 66435 | G37: =SUM('subscritores das IME 2023'!AU39:BC39) -> 66393 | H37: =SUM('subscritores das IME 2023'!BD39:BL39) -> 66867 | I37: =SUM('subscritores das IME 2023'!BM39:BU39) -> 66468 | J37: =SUM('subscritores das IME 2023'!BV39:CD39) -> 66183 | K37: =SUM('subscritores das IME 2023'!CE39:CM39) -> 66750 | L37: =SUM('subscritores das IME 2023'!CN39:CV39) -> 67648 | M37: =SUM('subscritores das IME 2023'!CW39:DE39) -> 72049 | P37: =+C37/B37-1 -> -0.012903135 | Q37: =+D37/C37-1 -> -0.00087336245 | R37: =+E37/D37-1 -> -0.016766021 | S37: =+F37/E37-1 -> -0.031757367 | T37: =+G37/F37-1 -> -0.00063219688 | U37: =+H37/G37-1 -> 0.0071393069 | V37: =+I37/H37-1 -> -0.005967069 | W37: =+J37/I37-1 -> -0.0042877776 | ... Z37: =+M37/L37-1 -> 0.065057356
A38: Inhassoro | B38: =SUM('subscritores das IME 2023'!B40:J40) -> 42405 | C38: =SUM('subscritores das IME 2023'!K40:S40) -> 43357 | D38: =SUM('subscritores das IME 2023'!T40:AB40) -> 44528 | E38: =SUM('subscritores das IME 2023'!AC40:AK40) -> 45734 | F38: =SUM('subscritores das IME 2023'!AL40:AT40) -> 45196 | G38: =SUM('subscritores das IME 2023'!AU40:BC40) -> 46128 | H38: =SUM('subscritores das IME 2023'!BD40:BL40) -> 46923 | I38: =SUM('subscritores das IME 2023'!BM40:BU40) -> 47413 | J38: =SUM('subscritores das IME 2023'!BV40:CD40) -> 47994 | K38: =SUM('subscritores das IME 2023'!CE40:CM40) -> 49235 | L38: =SUM('subscritores das IME 2023'!CN40:CV40) -> 49511 | M38: =SUM('subscritores das IME 2023'!CW40:DE40) -> 49081 | P38: =+C38/B38-1 -> 0.022450183 | Q38: =+D38/C38-1 -> 0.027008326 | R38: =+E38/D38-1 -> 0.027084082 | S38: =+F38/E38-1 -> -0.011763677 | T38: =+G38/F38-1 -> 0.020621294 | U38: =+H38/G38-1 -> 0.017234651 | V38: =+I38/H38-1 -> 0.01044264 | W38: =+J38/I38-1 -> 0.012254023 | ... Z38: =+M38/L38-1 -> -0.0086849387
A39: Jangamo | B39: =SUM('subscritores das IME 2023'!B41:J41) -> 65127 | C39: =SUM('subscritores das IME 2023'!K41:S41) -> 62139 | D39: =SUM('subscritores das IME 2023'!T41:AB41) -> 62012 | E39: =SUM('subscritores das IME 2023'!AC41:AK41) -> 62177 | F39: =SUM('subscritores das IME 2023'!AL41:AT41) -> 59087 | G39: =SUM('subscritores das IME 2023'!AU41:BC41) -> 59387 | H39: =SUM('subscritores das IME 2023'!BD41:BL41) -> 59447 | I39: =SUM('subscritores das IME 2023'!BM41:BU41) -> 58776 | J39: =SUM('subscritores das IME 2023'!BV41:CD41) -> 58984 | K39: =SUM('subscritores das IME 2023'!CE41:CM41) -> 59672 | L39: =SUM('subscritores das IME 2023'!CN41:CV41) -> 60115 | M39: =SUM('subscritores das IME 2023'!CW41:DE41) -> 64755 | P39: =+C39/B39-1 -> -0.045879589 | Q39: =+D39/C39-1 -> -0.002043805 | R39: =+E39/D39-1 -> 0.0026607753 | S39: =+F39/E39-1 -> -0.049696833 | T39: =+G39/F39-1 -> 0.005077259 | U39: =+H39/G39-1 -> 0.0010103221 | V39: =+I39/H39-1 -> -0.011287365 | W39: =+J39/I39-1 -> 0.0035388594 | ... Z39: =+M39/L39-1 -> 0.077185395
A40: Mabote | B40: =SUM('subscritores das IME 2023'!B42:J42) -> 14530 | C40: =SUM('subscritores das IME 2023'!K42:S42) -> 14881 | D40: =SUM('subscritores das IME 2023'!T42:AB42) -> 14802 | E40: =SUM('subscritores das IME 2023'!AC42:AK42) -> 15317 | F40: =SUM('subscritores das IME 2023'!AL42:AT42) -> 15388 | G40: =SUM('subscritores das IME 2023'!AU42:BC42) -> 15809 | H40: =SUM('subscritores das IME 2023'!BD42:BL42) -> 16314 | I40: =SUM('subscritores das IME 2023'!BM42:BU42) -> 16531 | J40: =SUM('subscritores das IME 2023'!BV42:CD42) -> 16945 | K40: =SUM('subscritores das IME 2023'!CE42:CM42) -> 17308 | L40: =SUM('subscritores das IME 2023'!CN42:CV42) -> 17736 | M40: =SUM('subscritores das IME 2023'!CW42:DE42) -> 18180 | P40: =+C40/B40-1 -> 0.024156917 | Q40: =+D40/C40-1 -> -0.005308783 | R40: =+E40/D40-1 -> 0.034792596 | S40: =+F40/E40-1 -> 0.0046353725 | T40: =+G40/F40-1 -> 0.027358981 | U40: =+H40/G40-1 -> 0.031943829 | V40: =+I40/H40-1 -> 0.013301459 | W40: =+J40/I40-1 -> 0.025043857 | ... Z40: =+M40/L40-1 -> 0.025033829
A41: Massinga | B41: =SUM('subscritores das IME 2023'!B43:J43) -> 136369 | C41: =SUM('subscritores das IME 2023'!K43:S43) -> 133446 | D41: =SUM('subscritores das IME 2023'!T43:AB43) -> 135545 | E41: =SUM('subscritores das IME 2023'!AC43:AK43) -> 136943 | F41: =SUM('subscritores das IME 2023'!AL43:AT43) -> 131617 | G41: =SUM('subscritores das IME 2023'!AU43:BC43) -> 132878 | H41: =SUM('subscritores das IME 2023'!BD43:BL43) -> 131872 | I41: =SUM('subscritores das IME 2023'!BM43:BU43) -> 130373 | J41: =SUM('subscritores das IME 2023'!BV43:CD43) -> 130477 | K41: =SUM('subscritores das IME 2023'!CE43:CM43) -> 132573 | L41: =SUM('subscritores das IME 2023'!CN43:CV43) -> 133856 | M41: =SUM('subscritores das IME 2023'!CW43:DE43) -> 140269 | P41: =+C41/B41-1 -> -0.02143449 | Q41: =+D41/C41-1 -> 0.015729209 | R41: =+E41/D41-1 -> 0.010313918 | S41: =+F41/E41-1 -> -0.038892094 | T41: =+G41/F41-1 -> 0.0095808292 | U41: =+H41/G41-1 -> -0.0075708545 | V41: =+I41/H41-1 -> -0.011367083 | W41: =+J41/I41-1 -> 0.00079771118 | ... Z41: =+M41/L41-1 -> 0.047909694
A42: Morrumbene | B42: =SUM('subscritores das IME 2023'!B44:J44) -> 63096 | C42: =SUM('subscritores das IME 2023'!K44:S44) -> 60400 | D42: =SUM('subscritores das IME 2023'!T44:AB44) -> 61033 | E42: =SUM('subscritores das IME 2023'!AC44:AK44) -> 61706 | F42: =SUM('subscritores das IME 2023'!AL44:AT44) -> 59037 | G42: =SUM('subscritores das IME 2023'!AU44:BC44) -> 59660 | H42: =SUM('subscritores das IME 2023'!BD44:BL44) -> 59284 | I42: =SUM('subscritores das IME 2023'!BM44:BU44) -> 58976 | J42: =SUM('subscritores das IME 2023'!BV44:CD44) -> 59269 | K42: =SUM('subscritores das IME 2023'!CE44:CM44) -> 59995 | L42: =SUM('subscritores das IME 2023'!CN44:CV44) -> 60476 | M42: =SUM('subscritores das IME 2023'!CW44:DE44) -> 64686 | P42: =+C42/B42-1 -> -0.042728541 | Q42: =+D42/C42-1 -> 0.010480132 | R42: =+E42/D42-1 -> 0.011026822 | S42: =+F42/E42-1 -> -0.043253492 | T42: =+G42/F42-1 -> 0.010552704 | U42: =+H42/G42-1 -> -0.0063023802 | V42: =+I42/H42-1 -> -0.0051953309 | W42: =+J42/I42-1 -> 0.0049681226 | ... Z42: =+M42/L42-1 -> 0.069614392
A43: Panda | B43: =SUM('subscritores das IME 2023'!B45:J45) -> 24252 | C43: =SUM('subscritores das IME 2023'!K45:S45) -> 23102 | D43: =SUM('subscritores das IME 2023'!T45:AB45) -> 22881 | E43: =SUM('subscritores das IME 2023'!AC45:AK45) -> 23292 | F43: =SUM('subscritores das IME 2023'!AL45:AT45) -> 22516 | G43: =SUM('subscritores das IME 2023'!AU45:BC45) -> 22805 | H43: =SUM('subscritores das IME 2023'!BD45:BL45) -> 22849 | I43: =SUM('subscritores das IME 2023'!BM45:BU45) -> 22857 | J43: =SUM('subscritores das IME 2023'!BV45:CD45) -> 22915 | K43: =SUM('subscritores das IME 2023'!CE45:CM45) -> 23372 | L43: =SUM('subscritores das IME 2023'!CN45:CV45) -> 23261 | M43: =SUM('subscritores das IME 2023'!CW45:DE45) -> 24886 | P43: =+C43/B43-1 -> -0.04741877 | Q43: =+D43/C43-1 -> -0.0095662713 | R43: =+E43/D43-1 -> 0.017962502 | S43: =+F43/E43-1 -> -0.03331616 | T43: =+G43/F43-1 -> 0.012835317 | U43: =+H43/G43-1 -> 0.0019294014 | V43: =+I43/H43-1 -> 0.00035012473 | W43: =+J43/I43-1 -> 0.0025375159 | ... Z43: =+M43/L43-1 -> 0.069859421
... A45: Zavala (Quissico) | B45: =SUM('subscritores das IME 2023'!B47:J47) -> 92970 | C45: =SUM('subscritores das IME 2023'!K47:S47) -> 88846 | D45: =SUM('subscritores das IME 2023'!T47:AB47) -> 89412 | E45: =SUM('subscritores das IME 2023'!AC47:AK47) -> 90907 | F45: =SUM('subscritores das IME 2023'!AL47:AT47) -> 87559 | G45: =SUM('subscritores das IME 2023'!AU47:BC47) -> 88530 | H45: =SUM('subscritores das IME 2023'!BD47:BL47) -> 87099 | I45: =SUM('subscritores das IME 2023'!BM47:BU47) -> 86401 | J45: =SUM('subscritores das IME 2023'!BV47:CD47) -> 86629 | K45: =SUM('subscritores das IME 2023'!CE47:CM47) -> 87591 | L45: =SUM('subscritores das IME 2023'!CN47:CV47) -> 89447 | M45: =SUM('subscritores das IME 2023'!CW47:DE47) -> 96302 | P45: =+C45/B45-1 -> -0.044358395 | Q45: =+D45/C45-1 -> 0.0063705738 | R45: =+E45/D45-1 -> 0.016720351 | S45: =+F45/E45-1 -> -0.036828847 | T45: =+G45/F45-1 -> 0.011089665 | U45: =+H45/G45-1 -> -0.016164012 | V45: =+I45/H45-1 -> -0.0080138693 | W45: =+J45/I45-1 -> 0.0026388583 | ... Z45: =+M45/L45-1 -> 0.076637562
B46: =SUM('subscritores das IME 2023'!B48:J48) -> 0 | C46: =SUM('subscritores das IME 2023'!K48:S48) -> 0 | D46: =SUM('subscritores das IME 2023'!T48:AB48) -> 0 | E46: =SUM('subscritores das IME 2023'!AC48:AK48) -> 0 | F46: =SUM('subscritores das IME 2023'!AL48:AT48) -> 0 | G46: =SUM('subscritores das IME 2023'!AU48:BC48) -> 0 | H46: =SUM('subscritores das IME 2023'!BD48:BL48) -> 0 | I46: =SUM('subscritores das IME 2023'!BM48:BU48) -> 0 | J46: =SUM('subscritores das IME 2023'!BV48:CD48) -> 0 | K46: =SUM('subscritores das IME 2023'!CE48:CM48) -> 0 | L46: =SUM('subscritores das IME 2023'!CN48:CV48) -> 0 | M46: =SUM('subscritores das IME 2023'!CW48:DE48) -> 0 | P46: =+C46/B46-1 -> #DIV/0! | Q46: =+D46/C46-1 -> #DIV/0! | R46: =+E46/D46-1 -> #DIV/0! | S46: =+F46/E46-1 -> #DIV/0! | T46: =+G46/F46-1 -> #DIV/0! | U46: =+H46/G46-1 -> #DIV/0! | V46: =+I46/H46-1 -> #DIV/0! | W46: =+J46/I46-1 -> #DIV/0! | ... Z46: =+M46/L46-1 -> #DIV/0!
A47: Sofala | B47: =SUM(B48:B61) -> 1169553 | C47: =SUM(C48:C61) -> 1229730 | D47: =SUM(D48:D61) -> 1264708 | E47: =SUM(E48:E61) -> 1300841 | F47: =SUM(F48:F61) -> 1339486 | G47: =SUM(G48:G61) -> 1378945 | H47: =SUM(H48:H61) -> 1405448 | I47: =SUM(I48:I61) -> 1440619 | ... M47: =SUM(M48:M61) -> 1498580 | P47: =+C47/B47-1 -> 0.051452991 | Q47: =+D47/C47-1 -> 0.028443642 | R47: =+E47/D47-1 -> 0.028570231 | S47: =+F47/E47-1 -> 0.029707704 | T47: =+G47/F47-1 -> 0.029458315 | U47: =+H47/G47-1 -> 0.019219766 | V47: =+I47/H47-1 -> 0.025024761 | W47: =+J47/I47-1 -> 0.01033167 | ... Z47: =+M47/L47-1 -> 0.0013524385
A48: Cidade da Beira | B48: =SUM('subscritores das IME 2023'!B50:J50) -> 601004 | C48: =SUM('subscritores das IME 2023'!K50:S50) -> 618005 | D48: =SUM('subscritores das IME 2023'!T50:AB50) -> 633363 | E48: =SUM('subscritores das IME 2023'!AC50:AK50) -> 647717 | F48: =SUM('subscritores das IME 2023'!AL50:AT50) -> 647593 | G48: =SUM('subscritores das IME 2023'!AU50:BC50) -> 653623 | H48: =SUM('subscritores das IME 2023'!BD50:BL50) -> 657052 | I48: =SUM('subscritores das IME 2023'!BM50:BU50) -> 668002 | J48: =SUM('subscritores das IME 2023'!BV50:CD50) -> 672354 | K48: =SUM('subscritores das IME 2023'!CE50:CM50) -> 684742 | L48: =SUM('subscritores das IME 2023'!CN50:CV50) -> 689711 | M48: =SUM('subscritores das IME 2023'!CW50:DE50) -> 698339 | P48: =+C48/B48-1 -> 0.028287665 | Q48: =+D48/C48-1 -> 0.024850932 | R48: =+E48/D48-1 -> 0.022663149 | S48: =+F48/E48-1 -> -0.00019144163 | T48: =+G48/F48-1 -> 0.0093114039 | U48: =+H48/G48-1 -> 0.0052461434 | V48: =+I48/H48-1 -> 0.016665348 | W48: =+J48/I48-1 -> 0.0065149506 | ... Z48: =+M48/L48-1 -> 0.012509587
A49: Buzi | B49: =SUM('subscritores das IME 2023'!B51:J51) -> 38542 | C49: =SUM('subscritores das IME 2023'!K51:S51) -> 42660 | D49: =SUM('subscritores das IME 2023'!T51:AB51) -> 44083 | E49: =SUM('subscritores das IME 2023'!AC51:AK51) -> 46919 | F49: =SUM('subscritores das IME 2023'!AL51:AT51) -> 48792 | G49: =SUM('subscritores das IME 2023'!AU51:BC51) -> 50954 | H49: =SUM('subscritores das IME 2023'!BD51:BL51) -> 52265 | I49: =SUM('subscritores das IME 2023'!BM51:BU51) -> 52806 | J49: =SUM('subscritores das IME 2023'!BV51:CD51) -> 53901 | K49: =SUM('subscritores das IME 2023'!CE51:CM51) -> 55436 | L49: =SUM('subscritores das IME 2023'!CN51:CV51) -> 56835 | M49: =SUM('subscritores das IME 2023'!CW51:DE51) -> 57183 | P49: =+C49/B49-1 -> 0.10684448 | Q49: =+D49/C49-1 -> 0.033356774 | R49: =+E49/D49-1 -> 0.06433319 | S49: =+F49/E49-1 -> 0.039919862 | T49: =+G49/F49-1 -> 0.044310543 | U49: =+H49/G49-1 -> 0.025729089 | V49: =+I49/H49-1 -> 0.010351095 | W49: =+J49/I49-1 -> 0.02073628 | ... Z49: =+M49/L49-1 -> 0.0061229876
A50: Caia | B50: =SUM('subscritores das IME 2023'!B52:J52) -> 62126 | C50: =SUM('subscritores das IME 2023'!K52:S52) -> 66138 | D50: =SUM('subscritores das IME 2023'!T52:AB52) -> 69170 | E50: =SUM('subscritores das IME 2023'!AC52:AK52) -> 69515 | F50: =SUM('subscritores das IME 2023'!AL52:AT52) -> 80165 | G50: =SUM('subscritores das IME 2023'!AU52:BC52) -> 85759 | H50: =SUM('subscritores das IME 2023'!BD52:BL52) -> 90311 | I50: =SUM('subscritores das IME 2023'!BM52:BU52) -> 95587 | J50: =SUM('subscritores das IME 2023'!BV52:CD52) -> 96357 | K50: =SUM('subscritores das IME 2023'!CE52:CM52) -> 97456 | L50: =SUM('subscritores das IME 2023'!CN52:CV52) -> 94624 | M50: =SUM('subscritores das IME 2023'!CW52:DE52) -> 90222 | P50: =+C50/B50-1 -> 0.064578437 | Q50: =+D50/C50-1 -> 0.045843539 | R50: =+E50/D50-1 -> 0.0049877114 | S50: =+F50/E50-1 -> 0.15320434 | T50: =+G50/F50-1 -> 0.069781077 | U50: =+H50/G50-1 -> 0.053078977 | V50: =+I50/H50-1 -> 0.058420347 | W50: =+J50/I50-1 -> 0.0080554887 | ... Z50: =+M50/L50-1 -> -0.046520967
A51: Chemba | B51: =SUM('subscritores das IME 2023'!B53:J53) -> 16976 | C51: =SUM('subscritores das IME 2023'!K53:S53) -> 19674 | D51: =SUM('subscritores das IME 2023'!T53:AB53) -> 22554 | E51: =SUM('subscritores das IME 2023'!AC53:AK53) -> 22655 | F51: =SUM('subscritores das IME 2023'!AL53:AT53) -> 23926 | G51: =SUM('subscritores das IME 2023'!AU53:BC53) -> 25283 | H51: =SUM('subscritores das IME 2023'!BD53:BL53) -> 26783 | I51: =SUM('subscritores das IME 2023'!BM53:BU53) -> 27830 | J51: =SUM('subscritores das IME 2023'!BV53:CD53) -> 27850 | K51: =SUM('subscritores das IME 2023'!CE53:CM53) -> 27809 | L51: =SUM('subscritores das IME 2023'!CN53:CV53) -> 27844 | M51: =SUM('subscritores das IME 2023'!CW53:DE53) -> 27315 | P51: =+C51/B51-1 -> 0.15893025 | Q51: =+D51/C51-1 -> 0.14638609 | R51: =+E51/D51-1 -> 0.0044781413 | S51: =+F51/E51-1 -> 0.056102406 | T51: =+G51/F51-1 -> 0.056716543 | U51: =+H51/G51-1 -> 0.059328402 | V51: =+I51/H51-1 -> 0.039091961 | W51: =+J51/I51-1 -> 0.00071864894 | ... Z51: =+M51/L51-1 -> -0.018998707
A52: Cheringoma | B52: =SUM('subscritores das IME 2023'!B54:J54) -> 18661 | C52: =SUM('subscritores das IME 2023'!K54:S54) -> 19923 | D52: =SUM('subscritores das IME 2023'!T54:AB54) -> 20679 | E52: =SUM('subscritores das IME 2023'!AC54:AK54) -> 21687 | F52: =SUM('subscritores das IME 2023'!AL54:AT54) -> 22942 | G52: =SUM('subscritores das IME 2023'!AU54:BC54) -> 23944 | H52: =SUM('subscritores das IME 2023'!BD54:BL54) -> 25441 | I52: =SUM('subscritores das IME 2023'!BM54:BU54) -> 26396 | J52: =SUM('subscritores das IME 2023'!BV54:CD54) -> 26605 | K52: =SUM('subscritores das IME 2023'!CE54:CM54) -> 27050 | L52: =SUM('subscritores das IME 2023'!CN54:CV54) -> 26932 | M52: =SUM('subscritores das IME 2023'!CW54:DE54) -> 26470 | P52: =+C52/B52-1 -> 0.067627673 | Q52: =+D52/C52-1 -> 0.037946092 | R52: =+E52/D52-1 -> 0.048745104 | S52: =+F52/E52-1 -> 0.057868769 | T52: =+G52/F52-1 -> 0.043675355 | U52: =+H52/G52-1 -> 0.062520882 | V52: =+I52/H52-1 -> 0.037537833 | W52: =+J52/I52-1 -> 0.0079178663 | ... Z52: =+M52/L52-1 -> -0.017154315
A53: Chibabava | B53: =SUM('subscritores das IME 2023'!B55:J55) -> 25434 | C53: =SUM('subscritores das IME 2023'!K55:S55) -> 27470 | D53: =SUM('subscritores das IME 2023'!T55:AB55) -> 27079 | E53: =SUM('subscritores das IME 2023'!AC55:AK55) -> 27702 | F53: =SUM('subscritores das IME 2023'!AL55:AT55) -> 28082 | G53: =SUM('subscritores das IME 2023'!AU55:BC55) -> 29167 | H53: =SUM('subscritores das IME 2023'!BD55:BL55) -> 29735 | I53: =SUM('subscritores das IME 2023'!BM55:BU55) -> 29835 | J53: =SUM('subscritores das IME 2023'!BV55:CD55) -> 29971 | K53: =SUM('subscritores das IME 2023'!CE55:CM55) -> 30442 | L53: =SUM('subscritores das IME 2023'!CN55:CV55) -> 30972 | M53: =SUM('subscritores das IME 2023'!CW55:DE55) -> 30494 | P53: =+C53/B53-1 -> 0.080050326 | Q53: =+D53/C53-1 -> -0.01423371 | R53: =+E53/D53-1 -> 0.023006758 | S53: =+F53/E53-1 -> 0.013717421 | T53: =+G53/F53-1 -> 0.038636849 | U53: =+H53/G53-1 -> 0.019474063 | V53: =+I53/H53-1 -> 0.0033630402 | W53: =+J53/I53-1 -> 0.0045584046 | ... Z53: =+M53/L53-1 -> -0.015433295
A54: Dondo | B54: =SUM('subscritores das IME 2023'!B56:J56) -> 148234 | C54: =SUM('subscritores das IME 2023'!K56:S56) -> 151649 | D54: =SUM('subscritores das IME 2023'!T56:AB56) -> 154369 | E54: =SUM('subscritores das IME 2023'!AC56:AK56) -> 155154 | F54: =SUM('subscritores das IME 2023'!AL56:AT56) -> 157156 | G54: =SUM('subscritores das IME 2023'!AU56:BC56) -> 162106 | H54: =SUM('subscritores das IME 2023'!BD56:BL56) -> 162418 | I54: =SUM('subscritores das IME 2023'!BM56:BU56) -> 164937 | J54: =SUM('subscritores das IME 2023'!BV56:CD56) -> 167347 | K54: =SUM('subscritores das IME 2023'!CE56:CM56) -> 171039 | L54: =SUM('subscritores das IME 2023'!CN56:CV56) -> 172239 | M54: =SUM('subscritores das IME 2023'!CW56:DE56) -> 174772 | P54: =+C54/B54-1 -> 0.0230379 | Q54: =+D54/C54-1 -> 0.017936155 | R54: =+E54/D54-1 -> 0.0050852179 | S54: =+F54/E54-1 -> 0.012903309 | T54: =+G54/F54-1 -> 0.031497366 | U54: =+H54/G54-1 -> 0.0019246666 | V54: =+I54/H54-1 -> 0.015509365 | W54: =+J54/I54-1 -> 0.01461164 | ... Z54: =+M54/L54-1 -> 0.014706309
A55: Gorongoza | B55: =SUM('subscritores das IME 2023'!B57:J57) -> 47742 | C55: =SUM('subscritores das IME 2023'!K57:S57) -> 53869 | D55: =SUM('subscritores das IME 2023'!T57:AB57) -> 56277 | E55: =SUM('subscritores das IME 2023'!AC57:AK57) -> 58687 | F55: =SUM('subscritores das IME 2023'!AL57:AT57) -> 63364 | G55: =SUM('subscritores das IME 2023'!AU57:BC57) -> 67689 | H55: =SUM('subscritores das IME 2023'!BD57:BL57) -> 71914 | I55: =SUM('subscritores das IME 2023'!BM57:BU57) -> 74505 | J55: =SUM('subscritores das IME 2023'!BV57:CD57) -> 76256 | K55: =SUM('subscritores das IME 2023'!CE57:CM57) -> 78773 | L55: =SUM('subscritores das IME 2023'!CN57:CV57) -> 81650 | M55: =SUM('subscritores das IME 2023'!CW57:DE57) -> 82577 | P55: =+C55/B55-1 -> 0.12833564 | Q55: =+D55/C55-1 -> 0.044701034 | R55: =+E55/D55-1 -> 0.042823889 | S55: =+F55/E55-1 -> 0.07969397 | T55: =+G55/F55-1 -> 0.068256423 | U55: =+H55/G55-1 -> 0.062417823 | V55: =+I55/H55-1 -> 0.036029146 | W55: =+J55/I55-1 -> 0.023501778 | ... Z55: =+M55/L55-1 -> 0.011353337
A56: Machanga | B56: =SUM('subscritores das IME 2023'!B58:J58) -> 9851 | C56: =SUM('subscritores das IME 2023'!K58:S58) -> 11867 | D56: =SUM('subscritores das IME 2023'!T58:AB58) -> 12387 | E56: =SUM('subscritores das IME 2023'!AC58:AK58) -> 12817 | F56: =SUM('subscritores das IME 2023'!AL58:AT58) -> 13629 | G56: =SUM('subscritores das IME 2023'!AU58:BC58) -> 14406 | H56: =SUM('subscritores das IME 2023'!BD58:BL58) -> 14435 | I56: =SUM('subscritores das IME 2023'!BM58:BU58) -> 14651 | J56: =SUM('subscritores das IME 2023'!BV58:CD58) -> 15178 | K56: =SUM('subscritores das IME 2023'!CE58:CM58) -> 15679 | L56: =SUM('subscritores das IME 2023'!CN58:CV58) -> 15661 | M56: =SUM('subscritores das IME 2023'!CW58:DE58) -> 15491 | P56: =+C56/B56-1 -> 0.20464927 | Q56: =+D56/C56-1 -> 0.043818994 | R56: =+E56/D56-1 -> 0.034713813 | S56: =+F56/E56-1 -> 0.063353359 | T56: =+G56/F56-1 -> 0.057010786 | U56: =+H56/G56-1 -> 0.0020130501 | V56: =+I56/H56-1 -> 0.01496363 | W56: =+J56/I56-1 -> 0.035970241 | ... Z56: =+M56/L56-1 -> -0.01085499
A57: Maringue | B57: =SUM('subscritores das IME 2023'!B59:J59) -> 30923 | C57: =SUM('subscritores das IME 2023'!K59:S59) -> 33917 | D57: =SUM('subscritores das IME 2023'!T59:AB59) -> 35207 | E57: =SUM('subscritores das IME 2023'!AC59:AK59) -> 36922 | F57: =SUM('subscritores das IME 2023'!AL59:AT59) -> 44824 | G57: =SUM('subscritores das IME 2023'!AU59:BC59) -> 48097 | H57: =SUM('subscritores das IME 2023'!BD59:BL59) -> 49837 | I57: =SUM('subscritores das IME 2023'!BM59:BU59) -> 53134 | J57: =SUM('subscritores das IME 2023'!BV59:CD59) -> 53286 | K57: =SUM('subscritores das IME 2023'!CE59:CM59) -> 53677 | L57: =SUM('subscritores das IME 2023'!CN59:CV59) -> 53281 | M57: =SUM('subscritores das IME 2023'!CW59:DE59) -> 51917 | P57: =+C57/B57-1 -> 0.096821136 | Q57: =+D57/C57-1 -> 0.038034024 | R57: =+E57/D57-1 -> 0.048711904 | S57: =+F57/E57-1 -> 0.21401874 | T57: =+G57/F57-1 -> 0.073018918 | U57: =+H57/G57-1 -> 0.036176893 | V57: =+I57/H57-1 -> 0.066155667 | W57: =+J57/I57-1 -> 0.0028606918 | ... Z57: =+M57/L57-1 -> -0.02560012
A58: Marromeu | B58: =SUM('subscritores das IME 2023'!B60:J60) -> 52683 | C58: =SUM('subscritores das IME 2023'!K60:S60) -> 56926 | D58: =SUM('subscritores das IME 2023'!T60:AB60) -> 59015 | E58: =SUM('subscritores das IME 2023'!AC60:AK60) -> 59915 | F58: =SUM('subscritores das IME 2023'!AL60:AT60) -> 63056 | G58: =SUM('subscritores das IME 2023'!AU60:BC60) -> 66359 | H58: =SUM('subscritores das IME 2023'!BD60:BL60) -> 69626 | I58: =SUM('subscritores das IME 2023'!BM60:BU60) -> 71670 | J58: =SUM('subscritores das IME 2023'!BV60:CD60) -> 72473 | K58: =SUM('subscritores das IME 2023'!CE60:CM60) -> 74185 | L58: =SUM('subscritores das IME 2023'!CN60:CV60) -> 74474 | M58: =SUM('subscritores das IME 2023'!CW60:DE60) -> 72648 | P58: =+C58/B58-1 -> 0.080538314 | Q58: =+D58/C58-1 -> 0.036696764 | R58: =+E58/D58-1 -> 0.01525036 | S58: =+F58/E58-1 -> 0.052424268 | T58: =+G58/F58-1 -> 0.05238201 | U58: =+H58/G58-1 -> 0.049232207 | V58: =+I58/H58-1 -> 0.029356849 | W58: =+J58/I58-1 -> 0.01120413 | ... Z58: =+M58/L58-1 -> -0.024518624
A59: Muanza | B59: =SUM('subscritores das IME 2023'!B61:J61) -> 10258 | C59: =SUM('subscritores das IME 2023'!K61:S61) -> 11418 | D59: =SUM('subscritores das IME 2023'!T61:AB61) -> 11713 | E59: =SUM('subscritores das IME 2023'!AC61:AK61) -> 12620 | F59: =SUM('subscritores das IME 2023'!AL61:AT61) -> 13107 | G59: =SUM('subscritores das IME 2023'!AU61:BC61) -> 13824 | H59: =SUM('subscritores das IME 2023'!BD61:BL61) -> 14728 | I59: =SUM('subscritores das IME 2023'!BM61:BU61) -> 15416 | J59: =SUM('subscritores das IME 2023'!BV61:CD61) -> 15766 | K59: =SUM('subscritores das IME 2023'!CE61:CM61) -> 15977 | L59: =SUM('subscritores das IME 2023'!CN61:CV61) -> 16134 | M59: =SUM('subscritores das IME 2023'!CW61:DE61) -> 15881 | P59: =+C59/B59-1 -> 0.11308247 | Q59: =+D59/C59-1 -> 0.025836399 | R59: =+E59/D59-1 -> 0.077435328 | S59: =+F59/E59-1 -> 0.03858954 | T59: =+G59/F59-1 -> 0.054703593 | U59: =+H59/G59-1 -> 0.065393519 | V59: =+I59/H59-1 -> 0.046713743 | W59: =+J59/I59-1 -> 0.022703684 | ... Z59: =+M59/L59-1 -> -0.01568117
A60: Nhamatanda | B60: =SUM('subscritores das IME 2023'!B62:J62) -> 107119 | C60: =SUM('subscritores das IME 2023'!K62:S62) -> 116214 | D60: =SUM('subscritores das IME 2023'!T62:AB62) -> 118812 | E60: =SUM('subscritores das IME 2023'!AC62:AK62) -> 128531 | F60: =SUM('subscritores das IME 2023'!AL62:AT62) -> 132850 | G60: =SUM('subscritores das IME 2023'!AU62:BC62) -> 137734 | H60: =SUM('subscritores das IME 2023'!BD62:BL62) -> 140903 | I60: =SUM('subscritores das IME 2023'!BM62:BU62) -> 145850 | J60: =SUM('subscritores das IME 2023'!BV62:CD62) -> 148159 | K60: =SUM('subscritores das IME 2023'!CE62:CM62) -> 152221 | L60: =SUM('subscritores das IME 2023'!CN62:CV62) -> 156199 | M60: =SUM('subscritores das IME 2023'!CW62:DE62) -> 155271 | P60: =+C60/B60-1 -> 0.084905572 | Q60: =+D60/C60-1 -> 0.02235531 | R60: =+E60/D60-1 -> 0.081801502 | S60: =+F60/E60-1 -> 0.033602788 | T60: =+G60/F60-1 -> 0.036763267 | U60: =+H60/G60-1 -> 0.023008117 | V60: =+I60/H60-1 -> 0.03510926 | W60: =+J60/I60-1 -> 0.015831334 | ... Z60: =+M60/L60-1 -> -0.0059411392
B61: =SUM('subscritores das IME 2023'!B63:J63) -> 0 | C61: =SUM('subscritores das IME 2023'!K63:S63) -> 0 | D61: =SUM('subscritores das IME 2023'!T63:AB63) -> 0 | E61: =SUM('subscritores das IME 2023'!AC63:AK63) -> 0 | F61: =SUM('subscritores das IME 2023'!AL63:AT63) -> 0 | G61: =SUM('subscritores das IME 2023'!AU63:BC63) -> 0 | H61: =SUM('subscritores das IME 2023'!BD63:BL63) -> 0 | I61: =SUM('subscritores das IME 2023'!BM63:BU63) -> 0 | J61: =SUM('subscritores das IME 2023'!BV63:CD63) -> 0 | K61: =SUM('subscritores das IME 2023'!CE63:CM63) -> 0 | L61: =SUM('subscritores das IME 2023'!CN63:CV63) -> 0 | M61: =SUM('subscritores das IME 2023'!CW63:DE63) -> 0 | P61: =+C61/B61-1 -> #DIV/0! | Q61: =+D61/C61-1 -> #DIV/0! | R61: =+E61/D61-1 -> #DIV/0! | S61: =+F61/E61-1 -> #DIV/0! | T61: =+G61/F61-1 -> #DIV/0! | U61: =+H61/G61-1 -> #DIV/0! | V61: =+I61/H61-1 -> #DIV/0! | W61: =+J61/I61-1 -> #DIV/0! | ... Z61: =+M61/L61-1 -> #DIV/0!
A62: Manica | B62: =SUM(B63:B75) -> 750884 | C62: =SUM(C63:C75) -> 804998 | D62: =SUM(D63:D75) -> 839922 | E62: =SUM(E63:E75) -> 869496 | F62: =SUM(F63:F75) -> 911636 | G62: =SUM(G63:G75) -> 952602 | H62: =SUM(H63:H75) -> 984462 | I62: =SUM(I63:I75) -> 1027644 | ... M62: =SUM(M63:M75) -> 1096009 | P62: =+C62/B62-1 -> 0.072067057 | Q62: =+D62/C62-1 -> 0.043383959 | R62: =+E62/D62-1 -> 0.035210412 | S62: =+F62/E62-1 -> 0.048464858 | T62: =+G62/F62-1 -> 0.044936795 | U62: =+H62/G62-1 -> 0.033445237 | V62: =+I62/H62-1 -> 0.043863552 | W62: =+J62/I62-1 -> 0.021758508 | ... Z62: =+M62/L62-1 -> -0.0016305353
A63: Cidade de Chimoio | B63: =SUM('subscritores das IME 2023'!B65:J65) -> 367115 | C63: =SUM('subscritores das IME 2023'!K65:S65) -> 387600 | D63: =SUM('subscritores das IME 2023'!T65:AB65) -> 401749 | E63: =SUM('subscritores das IME 2023'!AC65:AK65) -> 410154 | F63: =SUM('subscritores das IME 2023'!AL65:AT65) -> 416799 | G63: =SUM('subscritores das IME 2023'!AU65:BC65) -> 428318 | H63: =SUM('subscritores das IME 2023'!BD65:BL65) -> 435065 | I63: =SUM('subscritores das IME 2023'!BM65:BU65) -> 447727 | J63: =SUM('subscritores das IME 2023'!BV65:CD65) -> 452168 | K63: =SUM('subscritores das IME 2023'!CE65:CM65) -> 460959 | L63: =SUM('subscritores das IME 2023'!CN65:CV65) -> 462854 | M63: =SUM('subscritores das IME 2023'!CW65:DE65) -> 457545 | P63: =+C63/B63-1 -> 0.055799954 | Q63: =+D63/C63-1 -> 0.036504128 | R63: =+E63/D63-1 -> 0.020921023 | S63: =+F63/E63-1 -> 0.016201232 | T63: =+G63/F63-1 -> 0.027636823 | U63: =+H63/G63-1 -> 0.015752315 | V63: =+I63/H63-1 -> 0.029103697 | W63: =+J63/I63-1 -> 0.0099189908 | ... Z63: =+M63/L63-1 -> -0.01147014
A64: Bárue | B64: =SUM('subscritores das IME 2023'!B66:J66) -> 66490 | C64: =SUM('subscritores das IME 2023'!K66:S66) -> 72278 | D64: =SUM('subscritores das IME 2023'!T66:AB66) -> 74949 | E64: =SUM('subscritores das IME 2023'!AC66:AK66) -> 78896 | F64: =SUM('subscritores das IME 2023'!AL66:AT66) -> 86098 | G64: =SUM('subscritores das IME 2023'!AU66:BC66) -> 93824 | H64: =SUM('subscritores das IME 2023'!BD66:BL66) -> 99681 | I64: =SUM('subscritores das IME 2023'!BM66:BU66) -> 106185 | J64: =SUM('subscritores das IME 2023'!BV66:CD66) -> 109898 | K64: =SUM('subscritores das IME 2023'!CE66:CM66) -> 112531 | L64: =SUM('subscritores das IME 2023'!CN66:CV66) -> 112927 | M64: =SUM('subscritores das IME 2023'!CW66:DE66) -> 111353 | P64: =+C64/B64-1 -> 0.087050684 | Q64: =+D64/C64-1 -> 0.036954537 | R64: =+E64/D64-1 -> 0.052662477 | S64: =+F64/E64-1 -> 0.091284729 | T64: =+G64/F64-1 -> 0.089734953 | U64: =+H64/G64-1 -> 0.062425392 | V64: =+I64/H64-1 -> 0.065248142 | W64: =+J64/I64-1 -> 0.034967274 | ... Z64: =+M64/L64-1 -> -0.013938208
A65: Gondola | B65: =SUM('subscritores das IME 2023'!B67:J67) -> 13671 | C65: =SUM('subscritores das IME 2023'!K67:S67) -> 16328 | D65: =SUM('subscritores das IME 2023'!T67:AB67) -> 18493 | E65: =SUM('subscritores das IME 2023'!AC67:AK67) -> 20462 | F65: =SUM('subscritores das IME 2023'!AL67:AT67) -> 23643 | G65: =SUM('subscritores das IME 2023'!AU67:BC67) -> 26349 | H65: =SUM('subscritores das IME 2023'!BD67:BL67) -> 29180 | I65: =SUM('subscritores das IME 2023'!BM67:BU67) -> 31522 | J65: =SUM('subscritores das IME 2023'!BV67:CD67) -> 34425 | K65: =SUM('subscritores das IME 2023'!CE67:CM67) -> 37522 | L65: =SUM('subscritores das IME 2023'!CN67:CV67) -> 39744 | M65: =SUM('subscritores das IME 2023'!CW67:DE67) -> 42052 | P65: =+C65/B65-1 -> 0.19435301 | Q65: =+D65/C65-1 -> 0.13259432 | R65: =+E65/D65-1 -> 0.10647272 | S65: =+F65/E65-1 -> 0.1554589 | T65: =+G65/F65-1 -> 0.11445248 | U65: =+H65/G65-1 -> 0.10744241 | V65: =+I65/H65-1 -> 0.080260452 | W65: =+J65/I65-1 -> 0.09209441 | ... Z65: =+M65/L65-1 -> 0.058071659
A66: Guro | B66: =SUM('subscritores das IME 2023'!B68:J68) -> 30720 | C66: =SUM('subscritores das IME 2023'!K68:S68) -> 33245 | D66: =SUM('subscritores das IME 2023'!T68:AB68) -> 34900 | E66: =SUM('subscritores das IME 2023'!AC68:AK68) -> 35862 | F66: =SUM('subscritores das IME 2023'!AL68:AT68) -> 39279 | G66: =SUM('subscritores das IME 2023'!AU68:BC68) -> 41205 | H66: =SUM('subscritores das IME 2023'!BD68:BL68) -> 43280 | I66: =SUM('subscritores das IME 2023'!BM68:BU68) -> 45729 | J66: =SUM('subscritores das IME 2023'!BV68:CD68) -> 47611 | K66: =SUM('subscritores das IME 2023'!CE68:CM68) -> 48701 | L66: =SUM('subscritores das IME 2023'!CN68:CV68) -> 49819 | M66: =SUM('subscritores das IME 2023'!CW68:DE68) -> 48572 | P66: =+C66/B66-1 -> 0.08219401 | Q66: =+D66/C66-1 -> 0.049781922 | R66: =+E66/D66-1 -> 0.02756447 | S66: =+F66/E66-1 -> 0.095281914 | T66: =+G66/F66-1 -> 0.049033835 | U66: =+H66/G66-1 -> 0.050357966 | V66: =+I66/H66-1 -> 0.056585028 | W66: =+J66/I66-1 -> 0.041155503 | ... Z66: =+M66/L66-1 -> -0.025030611
A67: Machaze | B67: =SUM('subscritores das IME 2023'!B69:J69) -> 17933 | C67: =SUM('subscritores das IME 2023'!K69:S69) -> 18803 | D67: =SUM('subscritores das IME 2023'!T69:AB69) -> 19333 | E67: =SUM('subscritores das IME 2023'!AC69:AK69) -> 20320 | F67: =SUM('subscritores das IME 2023'!AL69:AT69) -> 21334 | G67: =SUM('subscritores das IME 2023'!AU69:BC69) -> 22193 | H67: =SUM('subscritores das IME 2023'!BD69:BL69) -> 22931 | I67: =SUM('subscritores das IME 2023'!BM69:BU69) -> 24080 | J67: =SUM('subscritores das IME 2023'!BV69:CD69) -> 24653 | K67: =SUM('subscritores das IME 2023'!CE69:CM69) -> 25311 | L67: =SUM('subscritores das IME 2023'!CN69:CV69) -> 25606 | M67: =SUM('subscritores das IME 2023'!CW69:DE69) -> 25779 | P67: =+C67/B67-1 -> 0.048513913 | Q67: =+D67/C67-1 -> 0.028186991 | R67: =+E67/D67-1 -> 0.051052604 | S67: =+F67/E67-1 -> 0.049901575 | T67: =+G67/F67-1 -> 0.040264367 | U67: =+H67/G67-1 -> 0.033253729 | V67: =+I67/H67-1 -> 0.050106842 | W67: =+J67/I67-1 -> 0.023795681 | ... Z67: =+M67/L67-1 -> 0.006756229
A68: Macossa | B68: =SUM('subscritores das IME 2023'!B70:J70) -> 9556 | C68: =SUM('subscritores das IME 2023'!K70:S70) -> 11411 | D68: =SUM('subscritores das IME 2023'!T70:AB70) -> 12339 | E68: =SUM('subscritores das IME 2023'!AC70:AK70) -> 12426 | F68: =SUM('subscritores das IME 2023'!AL70:AT70) -> 13820 | G68: =SUM('subscritores das IME 2023'!AU70:BC70) -> 14783 | H68: =SUM('subscritores das IME 2023'!BD70:BL70) -> 15744 | I68: =SUM('subscritores das IME 2023'!BM70:BU70) -> 16068 | J68: =SUM('subscritores das IME 2023'!BV70:CD70) -> 16125 | K68: =SUM('subscritores das IME 2023'!CE70:CM70) -> 16310 | L68: =SUM('subscritores das IME 2023'!CN70:CV70) -> 16653 | M68: =SUM('subscritores das IME 2023'!CW70:DE70) -> 16125 | P68: =+C68/B68-1 -> 0.19411888 | Q68: =+D68/C68-1 -> 0.081325037 | R68: =+E68/D68-1 -> 0.0070508145 | S68: =+F68/E68-1 -> 0.11218413 | T68: =+G68/F68-1 -> 0.069681621 | U68: =+H68/G68-1 -> 0.065007103 | V68: =+I68/H68-1 -> 0.020579268 | W68: =+J68/I68-1 -> 0.0035474235 | ... Z68: =+M68/L68-1 -> -0.031705999
A69: Manica | B69: =SUM('subscritores das IME 2023'!B71:J71) -> 106511 | C69: =SUM('subscritores das IME 2023'!K71:S71) -> 113613 | D69: =SUM('subscritores das IME 2023'!T71:AB71) -> 118398 | E69: =SUM('subscritores das IME 2023'!AC71:AK71) -> 121811 | F69: =SUM('subscritores das IME 2023'!AL71:AT71) -> 125624 | G69: =SUM('subscritores das IME 2023'!AU71:BC71) -> 130161 | H69: =SUM('subscritores das IME 2023'!BD71:BL71) -> 134030 | I69: =SUM('subscritores das IME 2023'!BM71:BU71) -> 140394 | J69: =SUM('subscritores das IME 2023'!BV71:CD71) -> 144880 | K69: =SUM('subscritores das IME 2023'!CE71:CM71) -> 150434 | L69: =SUM('subscritores das IME 2023'!CN71:CV71) -> 155298 | M69: =SUM('subscritores das IME 2023'!CW71:DE71) -> 158172 | P69: =+C69/B69-1 -> 0.066678559 | Q69: =+D69/C69-1 -> 0.042116659 | R69: =+E69/D69-1 -> 0.0288265 | S69: =+F69/E69-1 -> 0.031302592 | T69: =+G69/F69-1 -> 0.03611571 | U69: =+H69/G69-1 -> 0.029724726 | V69: =+I69/H69-1 -> 0.047481907 | W69: =+J69/I69-1 -> 0.031952932 | ... Z69: =+M69/L69-1 -> 0.018506356
A70: Mossurize | B70: =SUM('subscritores das IME 2023'!B72:J72) -> 17886 | C70: =SUM('subscritores das IME 2023'!K72:S72) -> 20105 | D70: =SUM('subscritores das IME 2023'!T72:AB72) -> 21122 | E70: =SUM('subscritores das IME 2023'!AC72:AK72) -> 22796 | F70: =SUM('subscritores das IME 2023'!AL72:AT72) -> 24468 | G70: =SUM('subscritores das IME 2023'!AU72:BC72) -> 25501 | H70: =SUM('subscritores das IME 2023'!BD72:BL72) -> 27708 | I70: =SUM('subscritores das IME 2023'!BM72:BU72) -> 28988 | J70: =SUM('subscritores das IME 2023'!BV72:CD72) -> 29234 | K70: =SUM('subscritores das IME 2023'!CE72:CM72) -> 30748 | L70: =SUM('subscritores das IME 2023'!CN72:CV72) -> 31327 | M70: =SUM('subscritores das IME 2023'!CW72:DE72) -> 31395 | P70: =+C70/B70-1 -> 0.12406351 | Q70: =+D70/C70-1 -> 0.050584432 | R70: =+E70/D70-1 -> 0.079253859 | S70: =+F70/E70-1 -> 0.073346201 | T70: =+G70/F70-1 -> 0.042218408 | U70: =+H70/G70-1 -> 0.086545626 | V70: =+I70/H70-1 -> 0.046196044 | W70: =+J70/I70-1 -> 0.0084862702 | ... Z70: =+M70/L70-1 -> 0.0021706515
A71: Sussundenga | B71: =SUM('subscritores das IME 2023'!B73:J73) -> 50094 | C71: =SUM('subscritores das IME 2023'!K73:S73) -> 54346 | D71: =SUM('subscritores das IME 2023'!T73:AB73) -> 57212 | E71: =SUM('subscritores das IME 2023'!AC73:AK73) -> 60683 | F71: =SUM('subscritores das IME 2023'!AL73:AT73) -> 70059 | G71: =SUM('subscritores das IME 2023'!AU73:BC73) -> 74994 | H71: =SUM('subscritores das IME 2023'!BD73:BL73) -> 77819 | I71: =SUM('subscritores das IME 2023'!BM73:BU73) -> 82181 | J71: =SUM('subscritores das IME 2023'!BV73:CD73) -> 83491 | K71: =SUM('subscritores das IME 2023'!CE73:CM73) -> 86201 | L71: =SUM('subscritores das IME 2023'!CN73:CV73) -> 88152 | M71: =SUM('subscritores das IME 2023'!CW73:DE73) -> 86637 | P71: =+C71/B71-1 -> 0.084880425 | Q71: =+D71/C71-1 -> 0.052736172 | R71: =+E71/D71-1 -> 0.06066909 | S71: =+F71/E71-1 -> 0.15450785 | T71: =+G71/F71-1 -> 0.070440629 | U71: =+H71/G71-1 -> 0.03766968 | V71: =+I71/H71-1 -> 0.056053149 | W71: =+J71/I71-1 -> 0.015940424 | ... Z71: =+M71/L71-1 -> -0.017186224
A72: Tambara | B72: =SUM('subscritores das IME 2023'!B74:J74) -> 11492 | C72: =SUM('subscritores das IME 2023'!K74:S74) -> 13144 | D72: =SUM('subscritores das IME 2023'!T74:AB74) -> 14031 | E72: =SUM('subscritores das IME 2023'!AC74:AK74) -> 15353 | F72: =SUM('subscritores das IME 2023'!AL74:AT74) -> 16459 | G72: =SUM('subscritores das IME 2023'!AU74:BC74) -> 18186 | H72: =SUM('subscritores das IME 2023'!BD74:BL74) -> 19592 | I72: =SUM('subscritores das IME 2023'!BM74:BU74) -> 20855 | J72: =SUM('subscritores das IME 2023'!BV74:CD74) -> 21315 | K72: =SUM('subscritores das IME 2023'!CE74:CM74) -> 21564 | L72: =SUM('subscritores das IME 2023'!CN74:CV74) -> 20909 | M72: =SUM('subscritores das IME 2023'!CW74:DE74) -> 21640 | P72: =+C72/B72-1 -> 0.14375218 | Q72: =+D72/C72-1 -> 0.067483262 | R72: =+E72/D72-1 -> 0.094219942 | S72: =+F72/E72-1 -> 0.072038038 | T72: =+G72/F72-1 -> 0.1049274 | U72: =+H72/G72-1 -> 0.077312218 | V72: =+I72/H72-1 -> 0.064465088 | W72: =+J72/I72-1 -> 0.022057061 | ... Z72: =+M72/L72-1 -> 0.034961022
A73: Macate | B73: =SUM('subscritores das IME 2023'!B75:J75) -> 13289 | C73: =SUM('subscritores das IME 2023'!K75:S75) -> 14000 | D73: =SUM('subscritores das IME 2023'!T75:AB75) -> 14635 | E73: =SUM('subscritores das IME 2023'!AC75:AK75) -> 15133 | F73: =SUM('subscritores das IME 2023'!AL75:AT75) -> 16006 | G73: =SUM('subscritores das IME 2023'!AU75:BC75) -> 16662 | H73: =SUM('subscritores das IME 2023'!BD75:BL75) -> 17205 | I73: =SUM('subscritores das IME 2023'!BM75:BU75) -> 18302 | J73: =SUM('subscritores das IME 2023'!BV75:CD75) -> 19027 | K73: =SUM('subscritores das IME 2023'!CE75:CM75) -> 20495 | L73: =SUM('subscritores das IME 2023'!CN75:CV75) -> 21719 | M73: =SUM('subscritores das IME 2023'!CW75:DE75) -> 21814 | P73: =+C73/B73-1 -> 0.053502897 | Q73: =+D73/C73-1 -> 0.045357143 | R73: =+E73/D73-1 -> 0.034028015 | S73: =+F73/E73-1 -> 0.057688495 | T73: =+G73/F73-1 -> 0.040984631 | U73: =+H73/G73-1 -> 0.032589125 | V73: =+I73/H73-1 -> 0.063760535 | W73: =+J73/I73-1 -> 0.039613157 | ... Z73: =+M73/L73-1 -> 0.0043740504
A74: Vanduzi | B74: =SUM('subscritores das IME 2023'!B76:J76) -> 46127 | C74: =SUM('subscritores das IME 2023'!K76:S76) -> 50125 | D74: =SUM('subscritores das IME 2023'!T76:AB76) -> 52761 | E74: =SUM('subscritores das IME 2023'!AC76:AK76) -> 55600 | F74: =SUM('subscritores das IME 2023'!AL76:AT76) -> 58047 | G74: =SUM('subscritores das IME 2023'!AU76:BC76) -> 60426 | H74: =SUM('subscritores das IME 2023'!BD76:BL76) -> 62227 | I74: =SUM('subscritores das IME 2023'!BM76:BU76) -> 65613 | J74: =SUM('subscritores das IME 2023'!BV76:CD76) -> 67177 | K74: =SUM('subscritores das IME 2023'!CE76:CM76) -> 70059 | L74: =SUM('subscritores das IME 2023'!CN76:CV76) -> 72791 | M74: =SUM('subscritores das IME 2023'!CW76:DE76) -> 74925 | P74: =+C74/B74-1 -> 0.086673749 | Q74: =+D74/C74-1 -> 0.052588529 | R74: =+E74/D74-1 -> 0.053808684 | S74: =+F74/E74-1 -> 0.044010791 | T74: =+G74/F74-1 -> 0.04098403 | U74: =+H74/G74-1 -> 0.029805051 | V74: =+I74/H74-1 -> 0.054413679 | W74: =+J74/I74-1 -> 0.02383674 | ... Z74: =+M74/L74-1 -> 0.029316811
B75: =SUM('subscritores das IME 2023'!B77:J77) -> 0 | C75: =SUM('subscritores das IME 2023'!K77:S77) -> 0 | D75: =SUM('subscritores das IME 2023'!T77:AB77) -> 0 | E75: =SUM('subscritores das IME 2023'!AC77:AK77) -> 0 | F75: =SUM('subscritores das IME 2023'!AL77:AT77) -> 0 | G75: =SUM('subscritores das IME 2023'!AU77:BC77) -> 0 | H75: =SUM('subscritores das IME 2023'!BD77:BL77) -> 0 | I75: =SUM('subscritores das IME 2023'!BM77:BU77) -> 0 | J75: =SUM('subscritores das IME 2023'!BV77:CD77) -> 0 | K75: =SUM('subscritores das IME 2023'!CE77:CM77) -> 0 | L75: =SUM('subscritores das IME 2023'!CN77:CV77) -> 0 | M75: =SUM('subscritores das IME 2023'!CW77:DE77) -> 0 | P75: =+C75/B75-1 -> #DIV/0! | Q75: =+D75/C75-1 -> #DIV/0! | R75: =+E75/D75-1 -> #DIV/0! | S75: =+F75/E75-1 -> #DIV/0! | T75: =+G75/F75-1 -> #DIV/0! | U75: =+H75/G75-1 -> #DIV/0! | V75: =+I75/H75-1 -> #DIV/0! | W75: =+J75/I75-1 -> #DIV/0! | ... Z75: =+M75/L75-1 -> #DIV/0!
A76: Tete | B76: =SUM(B77:B92) -> 839776 | C76: =SUM(C77:C92) -> 896438 | D76: =SUM(D77:D92) -> 928385 | E76: =SUM(E77:E92) -> 954737 | F76: =SUM(F77:F92) -> 980856 | G76: =SUM(G77:G92) -> 1023434 | H76: =SUM(H77:H92) -> 1045690 | I76: =SUM(I77:I92) -> 1050090 | ... M76: =SUM(M77:M92) -> 1082043 | P76: =+C76/B76-1 -> 0.067472755 | Q76: =+D76/C76-1 -> 0.035637713 | R76: =+E76/D76-1 -> 0.028384776 | S76: =+F76/E76-1 -> 0.027357272 | T76: =+G76/F76-1 -> 0.043409022 | U76: =+H76/G76-1 -> 0.021746395 | V76: =+I76/H76-1 -> 0.004207748 | W76: =+J76/I76-1 -> 0.019593559 | ... Z76: =+M76/L76-1 -> -0.017009065
A77: Cidade de Tete | B77: =SUM('subscritores das IME 2023'!B79:J79) -> 365624 | C77: =SUM('subscritores das IME 2023'!K79:S79) -> 385769 | D77: =SUM('subscritores das IME 2023'!T79:AB79) -> 397662 | E77: =SUM('subscritores das IME 2023'!AC79:AK79) -> 406022 | F77: =SUM('subscritores das IME 2023'!AL79:AT79) -> 414286 | G77: =SUM('subscritores das IME 2023'!AU79:BC79) -> 424926 | H77: =SUM('subscritores das IME 2023'!BD79:BL79) -> 421407 | I77: =SUM('subscritores das IME 2023'!BM79:BU79) -> 418529 | J77: =SUM('subscritores das IME 2023'!BV79:CD79) -> 419871 | K77: =SUM('subscritores das IME 2023'!CE79:CM79) -> 425213 | L77: =SUM('subscritores das IME 2023'!CN79:CV79) -> 418409 | M77: =SUM('subscritores das IME 2023'!CW79:DE79) -> 413069 | P77: =+C77/B77-1 -> 0.055097587 | Q77: =+D77/C77-1 -> 0.030829331 | R77: =+E77/D77-1 -> 0.021022879 | S77: =+F77/E77-1 -> 0.020353577 | T77: =+G77/F77-1 -> 0.025682741 | U77: =+H77/G77-1 -> -0.0082814419 | V77: =+I77/H77-1 -> -0.0068295021 | W77: =+J77/I77-1 -> 0.0032064684 | ... Z77: =+M77/L77-1 -> -0.012762632
A78: Angónia | B78: =SUM('subscritores das IME 2023'!B80:J80) -> 56161 | C78: =SUM('subscritores das IME 2023'!K80:S80) -> 61764 | D78: =SUM('subscritores das IME 2023'!T80:AB80) -> 67017 | E78: =SUM('subscritores das IME 2023'!AC80:AK80) -> 69485 | F78: =SUM('subscritores das IME 2023'!AL80:AT80) -> 71421 | G78: =SUM('subscritores das IME 2023'!AU80:BC80) -> 76022 | H78: =SUM('subscritores das IME 2023'!BD80:BL80) -> 82235 | I78: =SUM('subscritores das IME 2023'!BM80:BU80) -> 86985 | J78: =SUM('subscritores das IME 2023'!BV80:CD80) -> 91963 | K78: =SUM('subscritores das IME 2023'!CE80:CM80) -> 96620 | L78: =SUM('subscritores das IME 2023'!CN80:CV80) -> 97969 | M78: =SUM('subscritores das IME 2023'!CW80:DE80) -> 94916 | P78: =+C78/B78-1 -> 0.099766742 | Q78: =+D78/C78-1 -> 0.085049543 | R78: =+E78/D78-1 -> 0.036826477 | S78: =+F78/E78-1 -> 0.027862129 | T78: =+G78/F78-1 -> 0.064420829 | U78: =+H78/G78-1 -> 0.081726342 | V78: =+I78/H78-1 -> 0.057761294 | W78: =+J78/I78-1 -> 0.057228258 | ... Z78: =+M78/L78-1 -> -0.031162919
A79: Cahora-Bassa | B79: =SUM('subscritores das IME 2023'!B81:J81) -> 61814 | C79: =SUM('subscritores das IME 2023'!K81:S81) -> 65912 | D79: =SUM('subscritores das IME 2023'!T81:AB81) -> 67781 | E79: =SUM('subscritores das IME 2023'!AC81:AK81) -> 71537 | F79: =SUM('subscritores das IME 2023'!AL81:AT81) -> 72167 | G79: =SUM('subscritores das IME 2023'!AU81:BC81) -> 74950 | H79: =SUM('subscritores das IME 2023'!BD81:BL81) -> 76445 | I79: =SUM('subscritores das IME 2023'!BM81:BU81) -> 73045 | J79: =SUM('subscritores das IME 2023'!BV81:CD81) -> 74383 | K79: =SUM('subscritores das IME 2023'!CE81:CM81) -> 76953 | L79: =SUM('subscritores das IME 2023'!CN81:CV81) -> 78906 | M79: =SUM('subscritores das IME 2023'!CW81:DE81) -> 77367 | P79: =+C79/B79-1 -> 0.066295661 | Q79: =+D79/C79-1 -> 0.02835599 | R79: =+E79/D79-1 -> 0.055413759 | S79: =+F79/E79-1 -> 0.0088066315 | T79: =+G79/F79-1 -> 0.038563332 | U79: =+H79/G79-1 -> 0.019946631 | V79: =+I79/H79-1 -> -0.044476421 | W79: =+J79/I79-1 -> 0.018317476 | ... Z79: =+M79/L79-1 -> -0.01950422
A80: Changara | B80: =SUM('subscritores das IME 2023'!B82:J82) -> 48695 | C80: =SUM('subscritores das IME 2023'!K82:S82) -> 52066 | D80: =SUM('subscritores das IME 2023'!T82:AB82) -> 53133 | E80: =SUM('subscritores das IME 2023'!AC82:AK82) -> 56226 | F80: =SUM('subscritores das IME 2023'!AL82:AT82) -> 56611 | G80: =SUM('subscritores das IME 2023'!AU82:BC82) -> 58390 | H80: =SUM('subscritores das IME 2023'!BD82:BL82) -> 60381 | I80: =SUM('subscritores das IME 2023'!BM82:BU82) -> 62003 | J80: =SUM('subscritores das IME 2023'!BV82:CD82) -> 63558 | K80: =SUM('subscritores das IME 2023'!CE82:CM82) -> 64948 | L80: =SUM('subscritores das IME 2023'!CN82:CV82) -> 65983 | M80: =SUM('subscritores das IME 2023'!CW82:DE82) -> 65409 | P80: =+C80/B80-1 -> 0.06922682 | Q80: =+D80/C80-1 -> 0.02049322 | R80: =+E80/D80-1 -> 0.05821241 | S80: =+F80/E80-1 -> 0.006847366 | T80: =+G80/F80-1 -> 0.031424988 | U80: =+H80/G80-1 -> 0.034098305 | V80: =+I80/H80-1 -> 0.026862755 | W80: =+J80/I80-1 -> 0.025079432 | ... Z80: =+M80/L80-1 -> -0.0086992104
A81: Chifunde | B81: =SUM('subscritores das IME 2023'!B83:J83) -> 10639 | C81: =SUM('subscritores das IME 2023'!K83:S83) -> 12019 | D81: =SUM('subscritores das IME 2023'!T83:AB83) -> 12831 | E81: =SUM('subscritores das IME 2023'!AC83:AK83) -> 13062 | F81: =SUM('subscritores das IME 2023'!AL83:AT83) -> 13935 | G81: =SUM('subscritores das IME 2023'!AU83:BC83) -> 15318 | H81: =SUM('subscritores das IME 2023'!BD83:BL83) -> 16294 | I81: =SUM('subscritores das IME 2023'!BM83:BU83) -> 16336 | J81: =SUM('subscritores das IME 2023'!BV83:CD83) -> 16986 | K81: =SUM('subscritores das IME 2023'!CE83:CM83) -> 16782 | L81: =SUM('subscritores das IME 2023'!CN83:CV83) -> 16435 | M81: =SUM('subscritores das IME 2023'!CW83:DE83) -> 15493 | P81: =+C81/B81-1 -> 0.12971144 | Q81: =+D81/C81-1 -> 0.067559697 | R81: =+E81/D81-1 -> 0.018003273 | S81: =+F81/E81-1 -> 0.066835094 | T81: =+G81/F81-1 -> 0.099246502 | U81: =+H81/G81-1 -> 0.06371589 | V81: =+I81/H81-1 -> 0.0025776359 | W81: =+J81/I81-1 -> 0.039789422 | ... Z81: =+M81/L81-1 -> -0.057316702
A82: Chiuta | B82: =SUM('subscritores das IME 2023'!B84:J84) -> 13409 | C82: =SUM('subscritores das IME 2023'!K84:S84) -> 14488 | D82: =SUM('subscritores das IME 2023'!T84:AB84) -> 15397 | E82: =SUM('subscritores das IME 2023'!AC84:AK84) -> 16358 | F82: =SUM('subscritores das IME 2023'!AL84:AT84) -> 17586 | G82: =SUM('subscritores das IME 2023'!AU84:BC84) -> 18256 | H82: =SUM('subscritores das IME 2023'!BD84:BL84) -> 18752 | I82: =SUM('subscritores das IME 2023'!BM84:BU84) -> 19534 | J82: =SUM('subscritores das IME 2023'!BV84:CD84) -> 20003 | K82: =SUM('subscritores das IME 2023'!CE84:CM84) -> 20683 | L82: =SUM('subscritores das IME 2023'!CN84:CV84) -> 21216 | M82: =SUM('subscritores das IME 2023'!CW84:DE84) -> 21214 | P82: =+C82/B82-1 -> 0.080468342 | Q82: =+D82/C82-1 -> 0.062741579 | R82: =+E82/D82-1 -> 0.062414756 | S82: =+F82/E82-1 -> 0.075070302 | T82: =+G82/F82-1 -> 0.038098487 | U82: =+H82/G82-1 -> 0.02716915 | V82: =+I82/H82-1 -> 0.041702218 | W82: =+J82/I82-1 -> 0.024009419 | ... Z82: =+M82/L82-1 -> -9.4268477e-05
A83: Macanga | B83: =SUM('subscritores das IME 2023'!B85:J85) -> 23860 | C83: =SUM('subscritores das IME 2023'!K85:S85) -> 27052 | D83: =SUM('subscritores das IME 2023'!T85:AB85) -> 29976 | E83: =SUM('subscritores das IME 2023'!AC85:AK85) -> 31798 | F83: =SUM('subscritores das IME 2023'!AL85:AT85) -> 33831 | G83: =SUM('subscritores das IME 2023'!AU85:BC85) -> 37854 | H83: =SUM('subscritores das IME 2023'!BD85:BL85) -> 41253 | I83: =SUM('subscritores das IME 2023'!BM85:BU85) -> 41436 | J83: =SUM('subscritores das IME 2023'!BV85:CD85) -> 42893 | K83: =SUM('subscritores das IME 2023'!CE85:CM85) -> 44022 | L83: =SUM('subscritores das IME 2023'!CN85:CV85) -> 43333 | M83: =SUM('subscritores das IME 2023'!CW85:DE85) -> 41780 | P83: =+C83/B83-1 -> 0.13378039 | Q83: =+D83/C83-1 -> 0.10808813 | R83: =+E83/D83-1 -> 0.060781959 | S83: =+F83/E83-1 -> 0.063934839 | T83: =+G83/F83-1 -> 0.1189146 | U83: =+H83/G83-1 -> 0.08979236 | V83: =+I83/H83-1 -> 0.004436041 | W83: =+J83/I83-1 -> 0.03516266 | ... Z83: =+M83/L83-1 -> -0.035838737
A84: Mágoe | B84: =SUM('subscritores das IME 2023'!B86:J86) -> 17279 | C84: =SUM('subscritores das IME 2023'!K86:S86) -> 19093 | D84: =SUM('subscritores das IME 2023'!T86:AB86) -> 19492 | E84: =SUM('subscritores das IME 2023'!AC86:AK86) -> 20156 | F84: =SUM('subscritores das IME 2023'!AL86:AT86) -> 21729 | G84: =SUM('subscritores das IME 2023'!AU86:BC86) -> 23407 | H84: =SUM('subscritores das IME 2023'!BD86:BL86) -> 23811 | I84: =SUM('subscritores das IME 2023'!BM86:BU86) -> 27027 | J84: =SUM('subscritores das IME 2023'!BV86:CD86) -> 27795 | K84: =SUM('subscritores das IME 2023'!CE86:CM86) -> 28705 | L84: =SUM('subscritores das IME 2023'!CN86:CV86) -> 28706 | M84: =SUM('subscritores das IME 2023'!CW86:DE86) -> 28216 | P84: =+C84/B84-1 -> 0.10498293 | Q84: =+D84/C84-1 -> 0.020897711 | R84: =+E84/D84-1 -> 0.034065258 | S84: =+F84/E84-1 -> 0.078041278 | T84: =+G84/F84-1 -> 0.077223986 | U84: =+H84/G84-1 -> 0.017259794 | V84: =+I84/H84-1 -> 0.13506363 | W84: =+J84/I84-1 -> 0.028416028 | ... Z84: =+M84/L84-1 -> -0.017069602
A85: Maravia | B85: =SUM('subscritores das IME 2023'!B87:J87) -> 5672 | C85: =SUM('subscritores das IME 2023'!K87:S87) -> 6126 | D85: =SUM('subscritores das IME 2023'!T87:AB87) -> 6393 | E85: =SUM('subscritores das IME 2023'!AC87:AK87) -> 6483 | F85: =SUM('subscritores das IME 2023'!AL87:AT87) -> 6841 | G85: =SUM('subscritores das IME 2023'!AU87:BC87) -> 7052 | H85: =SUM('subscritores das IME 2023'!BD87:BL87) -> 7112 | I85: =SUM('subscritores das IME 2023'!BM87:BU87) -> 7250 | J85: =SUM('subscritores das IME 2023'!BV87:CD87) -> 7806 | K85: =SUM('subscritores das IME 2023'!CE87:CM87) -> 7822 | L85: =SUM('subscritores das IME 2023'!CN87:CV87) -> 7629 | M85: =SUM('subscritores das IME 2023'!CW87:DE87) -> 7411 | P85: =+C85/B85-1 -> 0.080042313 | Q85: =+D85/C85-1 -> 0.043584721 | R85: =+E85/D85-1 -> 0.014077898 | S85: =+F85/E85-1 -> 0.055221348 | T85: =+G85/F85-1 -> 0.030843444 | U85: =+H85/G85-1 -> 0.0085082246 | V85: =+I85/H85-1 -> 0.019403825 | W85: =+J85/I85-1 -> 0.076689655 | ... Z85: =+M85/L85-1 -> -0.028575174
A86: Moatize | B86: =SUM('subscritores das IME 2023'!B88:J88) -> 142701 | C86: =SUM('subscritores das IME 2023'!K88:S88) -> 149307 | D86: =SUM('subscritores das IME 2023'!T88:AB88) -> 151953 | E86: =SUM('subscritores das IME 2023'!AC88:AK88) -> 150454 | F86: =SUM('subscritores das IME 2023'!AL88:AT88) -> 150298 | G86: =SUM('subscritores das IME 2023'!AU88:BC88) -> 157708 | H86: =SUM('subscritores das IME 2023'!BD88:BL88) -> 158600 | I86: =SUM('subscritores das IME 2023'!BM88:BU88) -> 151364 | J86: =SUM('subscritores das IME 2023'!BV88:CD88) -> 154703 | K86: =SUM('subscritores das IME 2023'!CE88:CM88) -> 157488 | L86: =SUM('subscritores das IME 2023'!CN88:CV88) -> 162617 | M86: =SUM('subscritores das IME 2023'!CW88:DE88) -> 159839 | P86: =+C86/B86-1 -> 0.046292598 | Q86: =+D86/C86-1 -> 0.017721875 | R86: =+E86/D86-1 -> -0.0098648924 | S86: =+F86/E86-1 -> -0.0010368618 | T86: =+G86/F86-1 -> 0.049302053 | U86: =+H86/G86-1 -> 0.0056560225 | V86: =+I86/H86-1 -> -0.045624212 | W86: =+J86/I86-1 -> 0.022059406 | ... Z86: =+M86/L86-1 -> -0.017083085
A87: Mutarara | B87: =SUM('subscritores das IME 2023'!B89:J89) -> 30642 | C87: =SUM('subscritores das IME 2023'!K89:S89) -> 32720 | D87: =SUM('subscritores das IME 2023'!T89:AB89) -> 33375 | E87: =SUM('subscritores das IME 2023'!AC89:AK89) -> 34935 | F87: =SUM('subscritores das IME 2023'!AL89:AT89) -> 38648 | G87: =SUM('subscritores das IME 2023'!AU89:BC89) -> 39480 | H87: =SUM('subscritores das IME 2023'!BD89:BL89) -> 43770 | I87: =SUM('subscritores das IME 2023'!BM89:BU89) -> 48978 | J87: =SUM('subscritores das IME 2023'!BV89:CD89) -> 50399 | K87: =SUM('subscritores das IME 2023'!CE89:CM89) -> 52027 | L87: =SUM('subscritores das IME 2023'!CN89:CV89) -> 50215 | M87: =SUM('subscritores das IME 2023'!CW89:DE89) -> 49041 | P87: =+C87/B87-1 -> 0.067815417 | Q87: =+D87/C87-1 -> 0.020018337 | R87: =+E87/D87-1 -> 0.046741573 | S87: =+F87/E87-1 -> 0.1062831 | T87: =+G87/F87-1 -> 0.021527634 | U87: =+H87/G87-1 -> 0.10866261 | V87: =+I87/H87-1 -> 0.11898561 | W87: =+J87/I87-1 -> 0.029013026 | ... Z87: =+M87/L87-1 -> -0.023379468
A88: Tsangano | B88: =SUM('subscritores das IME 2023'!B90:J90) -> 16617 | C88: =SUM('subscritores das IME 2023'!K90:S90) -> 20005 | D88: =SUM('subscritores das IME 2023'!T90:AB90) -> 22306 | E88: =SUM('subscritores das IME 2023'!AC90:AK90) -> 24376 | F88: =SUM('subscritores das IME 2023'!AL90:AT90) -> 27617 | G88: =SUM('subscritores das IME 2023'!AU90:BC90) -> 30650 | H88: =SUM('subscritores das IME 2023'!BD90:BL90) -> 32687 | I88: =SUM('subscritores das IME 2023'!BM90:BU90) -> 34003 | J88: =SUM('subscritores das IME 2023'!BV90:CD90) -> 34970 | K88: =SUM('subscritores das IME 2023'!CE90:CM90) -> 37457 | L88: =SUM('subscritores das IME 2023'!CN90:CV90) -> 39894 | M88: =SUM('subscritores das IME 2023'!CW90:DE90) -> 39827 | P88: =+C88/B88-1 -> 0.20388759 | Q88: =+D88/C88-1 -> 0.11502124 | R88: =+E88/D88-1 -> 0.092800143 | S88: =+F88/E88-1 -> 0.13295865 | T88: =+G88/F88-1 -> 0.10982366 | U88: =+H88/G88-1 -> 0.066460033 | V88: =+I88/H88-1 -> 0.040260654 | W88: =+J88/I88-1 -> 0.028438667 | ... Z88: =+M88/L88-1 -> -0.0016794505
... A91: Marara | B91: =SUM('subscritores das IME 2023'!B93:J93) -> 32446 | C91: =SUM('subscritores das IME 2023'!K93:S93) -> 34149 | D91: =SUM('subscritores das IME 2023'!T93:AB93) -> 34691 | E91: =SUM('subscritores das IME 2023'!AC93:AK93) -> 35869 | F91: =SUM('subscritores das IME 2023'!AL93:AT93) -> 35819 | G91: =SUM('subscritores das IME 2023'!AU93:BC93) -> 36828 | H91: =SUM('subscritores das IME 2023'!BD93:BL93) -> 37381 | I91: =SUM('subscritores das IME 2023'!BM93:BU93) -> 36353 | J91: =SUM('subscritores das IME 2023'!BV93:CD93) -> 37001 | K91: =SUM('subscritores das IME 2023'!CE93:CM93) -> 37385 | L91: =SUM('subscritores das IME 2023'!CN93:CV93) -> 41244 | M91: =SUM('subscritores das IME 2023'!CW93:DE93) -> 41241 | P91: =+C91/B91-1 -> 0.05248721 | Q91: =+D91/C91-1 -> 0.015871621 | R91: =+E91/D91-1 -> 0.033956934 | S91: =+F91/E91-1 -> -0.0013939614 | T91: =+G91/F91-1 -> 0.028169407 | U91: =+H91/G91-1 -> 0.015015749 | V91: =+I91/H91-1 -> -0.027500602 | W91: =+J91/I91-1 -> 0.017825214 | ... Z91: =+M91/L91-1 -> -7.2737853e-05
B92: =SUM('subscritores das IME 2023'!B94:J94) -> 0 | C92: =SUM('subscritores das IME 2023'!K94:S94) -> 0 | D92: =SUM('subscritores das IME 2023'!T94:AB94) -> 0 | E92: =SUM('subscritores das IME 2023'!AC94:AK94) -> 0 | F92: =SUM('subscritores das IME 2023'!AL94:AT94) -> 0 | G92: =SUM('subscritores das IME 2023'!AU94:BC94) -> 0 | H92: =SUM('subscritores das IME 2023'!BD94:BL94) -> 0 | I92: =SUM('subscritores das IME 2023'!BM94:BU94) -> 0 | J92: =SUM('subscritores das IME 2023'!BV94:CD94) -> 0 | K92: =SUM('subscritores das IME 2023'!CE94:CM94) -> 0 | L92: =SUM('subscritores das IME 2023'!CN94:CV94) -> 0 | M92: =SUM('subscritores das IME 2023'!CW94:DE94) -> 0 | P92: =+C92/B92-1 -> #DIV/0! | Q92: =+D92/C92-1 -> #DIV/0! | R92: =+E92/D92-1 -> #DIV/0! | S92: =+F92/E92-1 -> #DIV/0! | T92: =+G92/F92-1 -> #DIV/0! | U92: =+H92/G92-1 -> #DIV/0! | V92: =+I92/H92-1 -> #DIV/0! | W92: =+J92/I92-1 -> #DIV/0! | ... Z92: =+M92/L92-1 -> #DIV/0!
A93: Zambézia | B93: =SUM(B94:B116) -> 1383639 | C93: =SUM(C94:C116) -> 1455083 | D93: =SUM(D94:D116) -> 1491437 | E93: =SUM(E94:E116) -> 1523417 | F93: =SUM(F94:F116) -> 1672572 | G93: =SUM(G94:G116) -> 1753115 | H93: =SUM(H94:H116) -> 1811997 | I93: =SUM(I94:I116) -> 1853165 | ... M93: =SUM(M94:M116) -> 1938150 | P93: =+C93/B93-1 -> 0.051634856 | Q93: =+D93/C93-1 -> 0.024984142 | R93: =+E93/D93-1 -> 0.021442408 | S93: =+F93/E93-1 -> 0.097908189 | T93: =+G93/F93-1 -> 0.048155177 | U93: =+H93/G93-1 -> 0.033587072 | V93: =+I93/H93-1 -> 0.022719684 | W93: =+J93/I93-1 -> 0.017943896 | ... Z93: =+M93/L93-1 -> -0.0025341289
A94: Cidade de Quelimane | B94: =SUM('subscritores das IME 2023'!B96:J96) -> 338163 | C94: =SUM('subscritores das IME 2023'!K96:S96) -> 345265 | D94: =SUM('subscritores das IME 2023'!T96:AB96) -> 347164 | E94: =SUM('subscritores das IME 2023'!AC96:AK96) -> 347909 | F94: =SUM('subscritores das IME 2023'!AL96:AT96) -> 375748 | G94: =SUM('subscritores das IME 2023'!AU96:BC96) -> 384954 | H94: =SUM('subscritores das IME 2023'!BD96:BL96) -> 387679 | I94: =SUM('subscritores das IME 2023'!BM96:BU96) -> 382956 | J94: =SUM('subscritores das IME 2023'!BV96:CD96) -> 383410 | K94: =SUM('subscritores das IME 2023'!CE96:CM96) -> 383866 | L94: =SUM('subscritores das IME 2023'!CN96:CV96) -> 382343 | M94: =SUM('subscritores das IME 2023'!CW96:DE96) -> 377837 | P94: =+C94/B94-1 -> 0.021001706 | Q94: =+D94/C94-1 -> 0.0055001231 | R94: =+E94/D94-1 -> 0.0021459598 | S94: =+F94/E94-1 -> 0.080018051 | T94: =+G94/F94-1 -> 0.024500463 | U94: =+H94/G94-1 -> 0.0070787679 | V94: =+I94/H94-1 -> -0.012182759 | W94: =+J94/I94-1 -> 0.0011855148 | ... Z94: =+M94/L94-1 -> -0.011785229
A95: Alto Molócuè | B95: =SUM('subscritores das IME 2023'!B97:J97) -> 82270 | C95: =SUM('subscritores das IME 2023'!K97:S97) -> 85966 | D95: =SUM('subscritores das IME 2023'!T97:AB97) -> 91788 | E95: =SUM('subscritores das IME 2023'!AC97:AK97) -> 91359 | F95: =SUM('subscritores das IME 2023'!AL97:AT97) -> 97213 | G95: =SUM('subscritores das IME 2023'!AU97:BC97) -> 103120 | H95: =SUM('subscritores das IME 2023'!BD97:BL97) -> 107473 | I95: =SUM('subscritores das IME 2023'!BM97:BU97) -> 110477 | J95: =SUM('subscritores das IME 2023'!BV97:CD97) -> 112414 | K95: =SUM('subscritores das IME 2023'!CE97:CM97) -> 114696 | L95: =SUM('subscritores das IME 2023'!CN97:CV97) -> 117837 | M95: =SUM('subscritores das IME 2023'!CW97:DE97) -> 118197 | P95: =+C95/B95-1 -> 0.044925246 | Q95: =+D95/C95-1 -> 0.067724449 | R95: =+E95/D95-1 -> -0.0046738136 | S95: =+F95/E95-1 -> 0.064076884 | T95: =+G95/F95-1 -> 0.060763478 | U95: =+H95/G95-1 -> 0.042212956 | V95: =+I95/H95-1 -> 0.027951206 | W95: =+J95/I95-1 -> 0.017533061 | ... Z95: =+M95/L95-1 -> 0.0030550676
A96: Chinde | B96: =SUM('subscritores das IME 2023'!B98:J98) -> 13891 | C96: =SUM('subscritores das IME 2023'!K98:S98) -> 15224 | D96: =SUM('subscritores das IME 2023'!T98:AB98) -> 14021 | E96: =SUM('subscritores das IME 2023'!AC98:AK98) -> 14802 | F96: =SUM('subscritores das IME 2023'!AL98:AT98) -> 15802 | G96: =SUM('subscritores das IME 2023'!AU98:BC98) -> 16624 | H96: =SUM('subscritores das IME 2023'!BD98:BL98) -> 16806 | I96: =SUM('subscritores das IME 2023'!BM98:BU98) -> 16888 | J96: =SUM('subscritores das IME 2023'!BV98:CD98) -> 17087 | K96: =SUM('subscritores das IME 2023'!CE98:CM98) -> 17219 | L96: =SUM('subscritores das IME 2023'!CN98:CV98) -> 17298 | M96: =SUM('subscritores das IME 2023'!CW98:DE98) -> 16631 | P96: =+C96/B96-1 -> 0.095961414 | Q96: =+D96/C96-1 -> -0.079019968 | R96: =+E96/D96-1 -> 0.055702161 | S96: =+F96/E96-1 -> 0.067558438 | T96: =+G96/F96-1 -> 0.052018732 | U96: =+H96/G96-1 -> 0.010948027 | V96: =+I96/H96-1 -> 0.0048792098 | W96: =+J96/I96-1 -> 0.011783515 | ... Z96: =+M96/L96-1 -> -0.038559371
A97: Gurúè | B97: =SUM('subscritores das IME 2023'!B99:J99) -> 105325 | C97: =SUM('subscritores das IME 2023'!K99:S99) -> 116364 | D97: =SUM('subscritores das IME 2023'!T99:AB99) -> 121006 | E97: =SUM('subscritores das IME 2023'!AC99:AK99) -> 121668 | F97: =SUM('subscritores das IME 2023'!AL99:AT99) -> 131202 | G97: =SUM('subscritores das IME 2023'!AU99:BC99) -> 139059 | H97: =SUM('subscritores das IME 2023'!BD99:BL99) -> 145683 | I97: =SUM('subscritores das IME 2023'!BM99:BU99) -> 152563 | J97: =SUM('subscritores das IME 2023'!BV99:CD99) -> 154905 | K97: =SUM('subscritores das IME 2023'!CE99:CM99) -> 157874 | L97: =SUM('subscritores das IME 2023'!CN99:CV99) -> 157407 | M97: =SUM('subscritores das IME 2023'!CW99:DE99) -> 159177 | P97: =+C97/B97-1 -> 0.10480892 | Q97: =+D97/C97-1 -> 0.039892063 | R97: =+E97/D97-1 -> 0.0054708031 | S97: =+F97/E97-1 -> 0.078360785 | T97: =+G97/F97-1 -> 0.059884758 | U97: =+H97/G97-1 -> 0.047634457 | V97: =+I97/H97-1 -> 0.047225826 | W97: =+J97/I97-1 -> 0.015351035 | ... Z97: =+M97/L97-1 -> 0.011244735
A98: Ile | B98: =SUM('subscritores das IME 2023'!B100:J100) -> 45159 | C98: =SUM('subscritores das IME 2023'!K100:S100) -> 46962 | D98: =SUM('subscritores das IME 2023'!T100:AB100) -> 48731 | E98: =SUM('subscritores das IME 2023'!AC100:AK100) -> 50359 | F98: =SUM('subscritores das IME 2023'!AL100:AT100) -> 53112 | G98: =SUM('subscritores das IME 2023'!AU100:BC100) -> 55938 | H98: =SUM('subscritores das IME 2023'!BD100:BL100) -> 57592 | I98: =SUM('subscritores das IME 2023'!BM100:BU100) -> 59413 | J98: =SUM('subscritores das IME 2023'!BV100:CD100) -> 61543 | K98: =SUM('subscritores das IME 2023'!CE100:CM100) -> 63082 | L98: =SUM('subscritores das IME 2023'!CN100:CV100) -> 64238 | M98: =SUM('subscritores das IME 2023'!CW100:DE100) -> 65803 | P98: =+C98/B98-1 -> 0.039925596 | Q98: =+D98/C98-1 -> 0.037668753 | R98: =+E98/D98-1 -> 0.033407892 | S98: =+F98/E98-1 -> 0.054667487 | T98: =+G98/F98-1 -> 0.053208315 | U98: =+H98/G98-1 -> 0.029568451 | V98: =+I98/H98-1 -> 0.031618975 | W98: =+J98/I98-1 -> 0.03585074 | ... Z98: =+M98/L98-1 -> 0.024362527
A99: Inhassunge | B99: =SUM('subscritores das IME 2023'!B101:J101) -> 15955 | C99: =SUM('subscritores das IME 2023'!K101:S101) -> 16746 | D99: =SUM('subscritores das IME 2023'!T101:AB101) -> 16239 | E99: =SUM('subscritores das IME 2023'!AC101:AK101) -> 17194 | F99: =SUM('subscritores das IME 2023'!AL101:AT101) -> 18282 | G99: =SUM('subscritores das IME 2023'!AU101:BC101) -> 19063 | H99: =SUM('subscritores das IME 2023'!BD101:BL101) -> 19406 | I99: =SUM('subscritores das IME 2023'!BM101:BU101) -> 19792 | J99: =SUM('subscritores das IME 2023'!BV101:CD101) -> 20315 | K99: =SUM('subscritores das IME 2023'!CE101:CM101) -> 20771 | L99: =SUM('subscritores das IME 2023'!CN101:CV101) -> 21053 | M99: =SUM('subscritores das IME 2023'!CW101:DE101) -> 21257 | P99: =+C99/B99-1 -> 0.049576935 | Q99: =+D99/C99-1 -> -0.030275887 | R99: =+E99/D99-1 -> 0.05880904 | S99: =+F99/E99-1 -> 0.063277888 | T99: =+G99/F99-1 -> 0.042719615 | U99: =+H99/G99-1 -> 0.017992971 | V99: =+I99/H99-1 -> 0.019890755 | W99: =+J99/I99-1 -> 0.026424818 | ... Z99: =+M99/L99-1 -> 0.0096898304
A100: Lugela | B100: =SUM('subscritores das IME 2023'!B102:J102) -> 23605 | C100: =SUM('subscritores das IME 2023'!K102:S102) -> 25239 | D100: =SUM('subscritores das IME 2023'!T102:AB102) -> 28355 | E100: =SUM('subscritores das IME 2023'!AC102:AK102) -> 30295 | F100: =SUM('subscritores das IME 2023'!AL102:AT102) -> 33766 | G100: =SUM('subscritores das IME 2023'!AU102:BC102) -> 36923 | H100: =SUM('subscritores das IME 2023'!BD102:BL102) -> 39641 | I100: =SUM('subscritores das IME 2023'!BM102:BU102) -> 41242 | J100: =SUM('subscritores das IME 2023'!BV102:CD102) -> 43003 | K100: =SUM('subscritores das IME 2023'!CE102:CM102) -> 46829 | L100: =SUM('subscritores das IME 2023'!CN102:CV102) -> 47292 | M100: =SUM('subscritores das IME 2023'!CW102:DE102) -> 47296 | P100: =+C100/B100-1 -> 0.069222622 | Q100: =+D100/C100-1 -> 0.12345973 | R100: =+E100/D100-1 -> 0.068418268 | S100: =+F100/E100-1 -> 0.11457336 | T100: =+G100/F100-1 -> 0.093496417 | U100: =+H100/G100-1 -> 0.073612653 | V100: =+I100/H100-1 -> 0.040387478 | W100: =+J100/I100-1 -> 0.04269919 | ... Z100: =+M100/L100-1 -> 8.4580902e-05
A101: Gilé | B101: =SUM('subscritores das IME 2023'!B103:J103) -> 48322 | C101: =SUM('subscritores das IME 2023'!K103:S103) -> 49828 | D101: =SUM('subscritores das IME 2023'!T103:AB103) -> 52549 | E101: =SUM('subscritores das IME 2023'!AC103:AK103) -> 52939 | F101: =SUM('subscritores das IME 2023'!AL103:AT103) -> 61375 | G101: =SUM('subscritores das IME 2023'!AU103:BC103) -> 64522 | H101: =SUM('subscritores das IME 2023'!BD103:BL103) -> 65623 | I101: =SUM('subscritores das IME 2023'!BM103:BU103) -> 66111 | J101: =SUM('subscritores das IME 2023'!BV103:CD103) -> 67139 | K101: =SUM('subscritores das IME 2023'!CE103:CM103) -> 70214 | L101: =SUM('subscritores das IME 2023'!CN103:CV103) -> 70425 | M101: =SUM('subscritores das IME 2023'!CW103:DE103) -> 71340 | P101: =+C101/B101-1 -> 0.031165929 | Q101: =+D101/C101-1 -> 0.054607851 | R101: =+E101/D101-1 -> 0.0074216446 | S101: =+F101/E101-1 -> 0.15935322 | T101: =+G101/F101-1 -> 0.051274949 | U101: =+H101/G101-1 -> 0.017063947 | V101: =+I101/H101-1 -> 0.0074364171 | W101: =+J101/I101-1 -> 0.015549606 | ... Z101: =+M101/L101-1 -> 0.012992545
A102: Maganja da Costa | B102: =SUM('subscritores das IME 2023'!B104:J104) -> 45691 | C102: =SUM('subscritores das IME 2023'!K104:S104) -> 49038 | D102: =SUM('subscritores das IME 2023'!T104:AB104) -> 51986 | E102: =SUM('subscritores das IME 2023'!AC104:AK104) -> 53821 | F102: =SUM('subscritores das IME 2023'!AL104:AT104) -> 57622 | G102: =SUM('subscritores das IME 2023'!AU104:BC104) -> 59904 | H102: =SUM('subscritores das IME 2023'!BD104:BL104) -> 62474 | I102: =SUM('subscritores das IME 2023'!BM104:BU104) -> 64466 | J102: =SUM('subscritores das IME 2023'!BV104:CD104) -> 65040 | K102: =SUM('subscritores das IME 2023'!CE104:CM104) -> 66546 | L102: =SUM('subscritores das IME 2023'!CN104:CV104) -> 66976 | M102: =SUM('subscritores das IME 2023'!CW104:DE104) -> 69659 | P102: =+C102/B102-1 -> 0.073252938 | Q102: =+D102/C102-1 -> 0.060116644 | R102: =+E102/D102-1 -> 0.035297965 | S102: =+F102/E102-1 -> 0.070622991 | T102: =+G102/F102-1 -> 0.039602929 | U102: =+H102/G102-1 -> 0.042901976 | V102: =+I102/H102-1 -> 0.031885264 | W102: =+J102/I102-1 -> 0.0089039183 | ... Z102: =+M102/L102-1 -> 0.040059126
A103: Milange | B103: =SUM('subscritores das IME 2023'!B105:J105) -> 88213 | C103: =SUM('subscritores das IME 2023'!K105:S105) -> 88818 | D103: =SUM('subscritores das IME 2023'!T105:AB105) -> 90990 | E103: =SUM('subscritores das IME 2023'!AC105:AK105) -> 93733 | F103: =SUM('subscritores das IME 2023'!AL105:AT105) -> 122178 | G103: =SUM('subscritores das IME 2023'!AU105:BC105) -> 133819 | H103: =SUM('subscritores das IME 2023'!BD105:BL105) -> 145716 | I103: =SUM('subscritores das IME 2023'!BM105:BU105) -> 159424 | J103: =SUM('subscritores das IME 2023'!BV105:CD105) -> 163446 | K103: =SUM('subscritores das IME 2023'!CE105:CM105) -> 173884 | L103: =SUM('subscritores das IME 2023'!CN105:CV105) -> 176492 | M103: =SUM('subscritores das IME 2023'!CW105:DE105) -> 169633 | P103: =+C103/B103-1 -> 0.0068583996 | Q103: =+D103/C103-1 -> 0.024454502 | R103: =+E103/D103-1 -> 0.03014617 | S103: =+F103/E103-1 -> 0.30346836 | T103: =+G103/F103-1 -> 0.095279019 | U103: =+H103/G103-1 -> 0.088903668 | V103: =+I103/H103-1 -> 0.094073403 | W103: =+J103/I103-1 -> 0.025228322 | ... Z103: =+M103/L103-1 -> -0.038862951
A104: Mocuba | B104: =SUM('subscritores das IME 2023'!B106:J106) -> 187827 | C104: =SUM('subscritores das IME 2023'!K106:S106) -> 198507 | D104: =SUM('subscritores das IME 2023'!T106:AB106) -> 205274 | E104: =SUM('subscritores das IME 2023'!AC106:AK106) -> 208209 | F104: =SUM('subscritores das IME 2023'!AL106:AT106) -> 215935 | G104: =SUM('subscritores das IME 2023'!AU106:BC106) -> 223286 | H104: =SUM('subscritores das IME 2023'!BD106:BL106) -> 227840 | I104: =SUM('subscritores das IME 2023'!BM106:BU106) -> 224445 | J104: =SUM('subscritores das IME 2023'!BV106:CD106) -> 232425 | K104: =SUM('subscritores das IME 2023'!CE106:CM106) -> 234791 | L104: =SUM('subscritores das IME 2023'!CN106:CV106) -> 239309 | M104: =SUM('subscritores das IME 2023'!CW106:DE106) -> 240267 | P104: =+C104/B104-1 -> 0.056860835 | Q104: =+D104/C104-1 -> 0.034089478 | R104: =+E104/D104-1 -> 0.014297963 | S104: =+F104/E104-1 -> 0.037106945 | T104: =+G104/F104-1 -> 0.034042652 | U104: =+H104/G104-1 -> 0.020395367 | V104: =+I104/H104-1 -> -0.014900808 | W104: =+J104/I104-1 -> 0.035554367 | ... Z104: =+M104/L104-1 -> 0.0040031925
A105: Mopeia | B105: =SUM('subscritores das IME 2023'!B107:J107) -> 41077 | C105: =SUM('subscritores das IME 2023'!K107:S107) -> 44579 | D105: =SUM('subscritores das IME 2023'!T107:AB107) -> 45437 | E105: =SUM('subscritores das IME 2023'!AC107:AK107) -> 47705 | F105: =SUM('subscritores das IME 2023'!AL107:AT107) -> 51119 | G105: =SUM('subscritores das IME 2023'!AU107:BC107) -> 53064 | H105: =SUM('subscritores das IME 2023'!BD107:BL107) -> 55185 | I105: =SUM('subscritores das IME 2023'!BM107:BU107) -> 57417 | J105: =SUM('subscritores das IME 2023'!BV107:CD107) -> 58549 | K105: =SUM('subscritores das IME 2023'!CE107:CM107) -> 59270 | L105: =SUM('subscritores das IME 2023'!CN107:CV107) -> 60097 | M105: =SUM('subscritores das IME 2023'!CW107:DE107) -> 59358 | P105: =+C105/B105-1 -> 0.085254522 | Q105: =+D105/C105-1 -> 0.019246731 | R105: =+E105/D105-1 -> 0.049915267 | S105: =+F105/E105-1 -> 0.071564825 | T105: =+G105/F105-1 -> 0.038048475 | U105: =+H105/G105-1 -> 0.039970602 | V105: =+I105/H105-1 -> 0.040445773 | W105: =+J105/I105-1 -> 0.019715415 | ... Z105: =+M105/L105-1 -> -0.012296787
...

Sheet subscritores das IME 2023
A1: TABELA 11: Distribuição de clientes por distritos
A2: Ano: 2023
B3: Jan | K3: Fev | T3: Mar | AC3: Abril | AL3: Maio | AU3: Junho | BD3: Julho | BM3: Agosto | BV3: Setembro | CE3: Outubro | CN3: Novembro | CW3: Dezembro | DH3: Fev | DQ3: Mar | DZ3: Abril | EI3: Maio | ER3: Junho | FA3: Julho | FJ3: Agosto | FS3: Setembro | GB3: Outubro | GK3: Novembro | GT3: Dezembro
B4: Homens | F4: Mulheres | J4: Outros | K4: Homens | O4: Mulheres | S4: Outros | T4: Homens | X4: Mulheres | AB4: Outros | AC4: Homens | AG4: Mulheres | AK4: Outros | AL4: Homens | AP4: Mulheres | AT4: Outros | AU4: Homens | AY4: Mulheres | BC4: Outros | BD4: Homens | BH4: Mulheres | BL4: Outros | BM4: Homens | BQ4: Mulheres | BU4: Outros | BV4: Homens | BZ4: Mulheres | CD4: Outros | CE4: Homens | CI4: Mulheres | CM4: Outros | CN4: Homens | CR4: Mulheres | CV4: Outros | CW4: Homens | DA4: Mulheres | DE4: Outros | DH4: Homens | DL4: Mulheres | DP4: Outros | DQ4: Homens | DU4: Mulheres | DY4: Outros | DZ4: Homens | ED4: Mulheres | EH4: Outros | EI4: Homens | EM4: Mulheres | EQ4: Outros | ER4: Homens | EV4: Mulheres | EZ4: Outros | FA4: Homens | FE4: Mulheres | FI4: Outros | FJ4: Homens | FN4: Mulheres | FR4: Outros | FS4: Homens | FW4: Mulheres | GA4: Outros | GB4: Homens | GF4: Mulheres | GJ4: Outros | GK4: Homens | GO4: Mulheres | GS4: Outros | GT4: Homens | GX4: Mulheres | HB4: Outros
B5: 0 a 16 | C5: 17 a 21 | D5: 22 a 60 | E5: Mais de 60 | F5: 0 a 16 | G5: 17 a 21 | H5: 22 a 60 | I5: Mais de 60 | K5: 0 a 16 | L5: 17 a 21 | M5: 22 a 60 | N5: Mais de 60 | O5: 0 a 16 | P5: 17 a 21 | Q5: 22 a 60 | R5: Mais de 60 | T5: 0 a 16 | U5: 17 a 21 | V5: 22 a 60 | W5: Mais de 60 | X5: 0 a 16 | Y5: 17 a 21 | Z5: 22 a 60 | AA5: Mais de 60 | AC5: 0 a 16 | AD5: 17 a 21 | AE5: 22 a 60 | AF5: Mais de 60 | AG5: 0 a 16 | AH5: 17 a 21 | AI5: 22 a 60 | AJ5: Mais de 60 | AL5: 0 a 16 | AM5: 17 a 21 | AN5: 22 a 60 | AO5: Mais de 60 | AP5: 0 a 16 | AQ5: 17 a 21 | AR5: 22 a 60 | AS5: Mais de 60 | AU5: 0 a 16 | AV5: 17 a 21 | AW5: 22 a 60 | AX5: Mais de 60 | AY5: 0 a 16 | AZ5: 17 a 21 | BA5: 22 a 60 | BB5: Mais de 60 | BD5: 0 a 16 | BE5: 17 a 21 | BF5: 22 a 60 | BG5: Mais de 60 | BH5: 0 a 16 | BI5: 17 a 21 | BJ5: 22 a 60 | BK5: Mais de 60 | BM5: 0 a 16 | BN5: 17 a 21 | BO5: 22 a 60 | BP5: Mais de 60 | BQ5: 0 a 16 | BR5: 17 a 21 | BS5: 22 a 60 | BT5: Mais de 60 | BV5: 0 a 16 | BW5: 17 a 21 | BX5: 22 a 60 | BY5: Mais de 60 | BZ5: 0 a 16 | CA5: 17 a 21 | CB5: 22 a 60 | CC5: Mais de 60 | CE5: 0 a 16 | CF5: 17 a 21 | CG5: 22 a 60 | CH5: Mais de 60 | CI5: 0 a 16 | CJ5: 17 a 21 | CK5: 22 a 60 | CL5: Mais de 60 | CN5: 0 a 16 | CO5: 17 a 21 | CP5: 22 a 60 | CQ5: Mais de 60 | CR5: 0 a 16 | CS5: 17 a 21 | CT5: 22 a 60 | CU5: Mais de 60 | CW5: 0 a 16 | CX5: 17 a 21 | CY5: 22 a 60 | CZ5: Mais de 60 | DA5: 0 a 16 | DB5: 17 a 21 | DC5: 22 a 60 | DD5: Mais de 60 | DH5: 0 a 16 | DI5: 17 a 21 | DJ5: 22 a 60 | DK5: Mais de 60 | DL5: 0 a 16 | DM5: 17 a 21 | DN5: 22 a 60 | DO5: Mais de 60 | DQ5: 0 a 16 | DR5: 17 a 21 | DS5: 22 a 60 | DT5: Mais de 60 | DU5: 0 a 16 | DV5: 17 a 21 | DW5: 22 a 60 | DX5: Mais de 60 | DZ5: 0 a 16 | EA5: 17 a 21 | EB5: 22 a 60 | EC5: Mais de 60 | ED5: 0 a 16 | EE5: 17 a 21 | EF5: 22 a 60 | EG5: Mais de 60 | EI5: 0 a 16 | EJ5: 17 a 21 | EK5: 22 a 60 | EL5: Mais de 60 | EM5: 0 a 16 | EN5: 17 a 21 | EO5: 22 a 60 | EP5: Mais de 60 | ER5: 0 a 16 | ES5: 17 a 21 | ET5: 22 a 60 | EU5: Mais de 60 | EV5: 0 a 16 | EW5: 17 a 21 | EX5: 22 a 60 | EY5: Mais de 60 | FA5: 0 a 16 | FB5: 17 a 21 | FC5: 22 a 60 | FD5: Mais de 60 | FE5: 0 a 16 | FF5: 17 a 21 | FG5: 22 a 60 | FH5: Mais de 60 | FJ5: 0 a 16 | FK5: 17 a 21 | FL5: 22 a 60 | FM5: Mais de 60 | FN5: 0 a 16 | FO5: 17 a 21 | FP5: 22 a 60 | FQ5: Mais de 60 | FS5: 0 a 16 | FT5: 17 a 21 | FU5: 22 a 60 | FV5: Mais de 60 | FW5: 0 a 16 | FX5: 17 a 21 | FY5: 22 a 60 | FZ5: Mais de 60 | GB5: 0 a 16 | GC5: 17 a 21 | GD5: 22 a 60 | GE5: Mais de 60 | GF5: 0 a 16 | GG5: 17 a 21 | GH5: 22 a 60 | GI5: Mais de 60 | GK5: 0 a 16 | GL5: 17 a 21 | GM5: 22 a 60 | GN5: Mais de 60 | GO5: 0 a 16 | GP5: 17 a 21 | GQ5: 22 a 60 | GR5: Mais de 60 | GT5: 0 a 16 | GU5: 17 a 21 | GV5: 22 a 60 | GW5: Mais de 60 | GX5: 0 a 16 | GY5: 17 a 21 | GZ5: 22 a 60 | HA5: Mais de 60
A6: Província de Maputo | B6: =SUM(B7:B15) -> 247 | C6: =SUM(C7:C15) -> 177052 | D6: =SUM(D7:D15) -> 1497616 | E6: =SUM(E7:E15) -> 99177 | F6: =SUM(F7:F15) -> 283 | G6: =SUM(G7:G15) -> 177778 | H6: =SUM(H7:H15) -> 1376649 | I6: =SUM(I7:I15) -> 87936 | ... DE6: =SUM(DE7:DE15) -> 107804 | DH6: =+K6/B6-1 -> 0.064777328 | DI6: =+L6/C6-1 -> 0.04156406 | DJ6: =+M6/D6-1 -> 0.02707837 | DK6: =+N6/E6-1 -> 0.015850449 | DL6: =+O6/F6-1 -> 0.12014134 | DM6: =+P6/G6-1 -> 0.0399037 | DN6: =+Q6/H6-1 -> 0.026967658 | DO6: =+R6/I6-1 -> 0.036719887 | ... FU6: =+BX6/BO6-1 -> -0.0038768361
A7: Cidade de Maputo | B7: =+[3]Total!B7 -> 81 | C7: =+[3]Total!C7 -> 64666 | D7: =+[3]Total!D7 -> 575237 | E7: =+[3]Total!E7 -> 42305 | F7: =+[3]Total!F7 -> 96 | G7: =+[3]Total!G7 -> 69633 | H7: =+[3]Total!H7 -> 515706 | I7: =+[3]Total!I7 -> 37620 | ... DE7: =+[3]Total!DE7 -> 104995 | DH7: =+K7/B7-1 -> 0.037037037 | DI7: =+L7/C7-1 -> 0.046222126 | DJ7: =+M7/D7-1 -> 0.03160958 | DK7: =+N7/E7-1 -> 0.01961943 | DL7: =+O7/F7-1 -> 0.13541667 | DM7: =+P7/G7-1 -> 0.041445866 | DN7: =+Q7/H7-1 -> 0.032121015 | DO7: =+R7/I7-1 -> 0.042424242 | ... FU7: =+BX7/BO7-1 -> -0.012048677
A8: Cidade da Matola | B8: =+[3]Total!B8 -> 97 | C8: =+[3]Total!C8 -> 66954 | D8: =+[3]Total!D8 -> 522222 | E8: =+[3]Total!E8 -> 32698 | F8: =+[3]Total!F8 -> 122 | G8: =+[3]Total!G8 -> 66441 | H8: =+[3]Total!H8 -> 508614 | I8: =+[3]Total!I8 -> 29963 | ... DE8: =+[3]Total!DE8 -> 1842 | DH8: =+K8/B8-1 -> 0.092783505 | DI8: =+L8/C8-1 -> 0.028198465 | DJ8: =+M8/D8-1 -> 0.015893624 | DK8: =+N8/E8-1 -> 0.01156034 | DL8: =+O8/F8-1 -> 0.057377049 | DM8: =+P8/G8-1 -> 0.034406466 | DN8: =+Q8/H8-1 -> 0.020388743 | DO8: =+R8/I8-1 -> 0.027400461 | ... FU8: =+BX8/BO8-1 -> 0.0052699339
A9: Boane | B9: =+[3]Total!B9 -> 29 | C9: =+[3]Total!C9 -> 12420 | D9: =+[3]Total!D9 -> 117419 | E9: =+[3]Total!E9 -> 6916 | F9: =+[3]Total!F9 -> 30 | G9: =+[3]Total!G9 -> 11403 | H9: =+[3]Total!H9 -> 102913 | I9: =+[3]Total!I9 -> 5427 | ... DE9: =+[3]Total!DE9 -> 364 | DH9: =+K9/B9-1 -> -0.034482759 | DI9: =+L9/C9-1 -> 0.04742351 | DJ9: =+M9/D9-1 -> 0.018165714 | DK9: =+N9/E9-1 -> 0.0056390977 | DL9: =+O9/F9-1 -> 0.16666667 | DM9: =+P9/G9-1 -> 0.046391301 | DN9: =+Q9/H9-1 -> 0.017519653 | DO9: =+R9/I9-1 -> 0.030403538 | ... FU9: =+BX9/BO9-1 -> 0.012266757
A10: Magude | B10: =+[3]Total!B10 -> 3 | C10: =+[3]Total!C10 -> 1828 | D10: =+[3]Total!D10 -> 12544 | E10: =+[3]Total!E10 -> 1024 | F10: =+[3]Total!F10 -> 2 | G10: =+[3]Total!G10 -> 1898 | H10: =+[3]Total!H10 -> 14193 | I10: =+[3]Total!I10 -> 1254 | ... DE10: =+[3]Total!DE10 -> 22 | DH10: =+K10/B10-1 -> 0 | DI10: =+L10/C10-1 -> 0.055798687 | DJ10: =+M10/D10-1 -> 0.011957908 | DK10: =+N10/E10-1 -> 0 | DL10: =+O10/F10-1 -> 0 | DM10: =+P10/G10-1 -> 0.10590095 | DN10: =+Q10/H10-1 -> 0.017262031 | DO10: =+R10/I10-1 -> 0.016746411 | ... FU10: =+BX10/BO10-1 -> -0.013371963
A11: Manhiça | B11: =+[3]Total!B11 -> 15 | C11: =+[3]Total!C11 -> 9451 | D11: =+[3]Total!D11 -> 75508 | E11: =+[3]Total!E11 -> 5585 | F11: =+[3]Total!F11 -> 9 | G11: =+[3]Total!G11 -> 8553 | H11: =+[3]Total!H11 -> 69064 | I11: =+[3]Total!I11 -> 5150 | ... DE11: =+[3]Total!DE11 -> 159 | DH11: =+K11/B11-1 -> -0.066666667 | DI11: =+L11/C11-1 -> 0.051211512 | DJ11: =+M11/D11-1 -> 0.026129682 | DK11: =+N11/E11-1 -> 0.0041181737 | DL11: =+O11/F11-1 -> -0.22222222 | DM11: =+P11/G11-1 -> 0.023149772 | DN11: =+Q11/H11-1 -> 0.015217769 | DO11: =+R11/I11-1 -> 0.032815534 | ... FU11: =+BX11/BO11-1 -> -0.022426565
A12: Marracuene | B12: =+[3]Total!B12 -> 13 | C12: =+[3]Total!C12 -> 11920 | D12: =+[3]Total!D12 -> 106153 | E12: =+[3]Total!E12 -> 5303 | F12: =+[3]Total!F12 -> 19 | G12: =+[3]Total!G12 -> 11314 | H12: =+[3]Total!H12 -> 97162 | I12: =+[3]Total!I12 -> 4365 | ... DE12: =+[3]Total!DE12 -> 283 | DH12: =+K12/B12-1 -> 0.23076923 | DI12: =+L12/C12-1 -> 0.044966443 | DJ12: =+M12/D12-1 -> 0.020630599 | DK12: =+N12/E12-1 -> 0.011691495 | DL12: =+O12/F12-1 -> 0.21052632 | DM12: =+P12/G12-1 -> 0.04543044 | DN12: =+Q12/H12-1 -> 0.025668471 | DO12: =+R12/I12-1 -> 0.041695304 | ... FU12: =+BX12/BO12-1 -> 0.012993783
A13: Matutuíne | B13: =+[3]Total!B13 -> 1 | C13: =+[3]Total!C13 -> 2345 | D13: =+[3]Total!D13 -> 20050 | E13: =+[3]Total!E13 -> 1086 | F13: =+[3]Total!F13 -> 1 | G13: =+[3]Total!G13 -> 2095 | H13: =+[3]Total!H13 -> 14739 | I13: =+[3]Total!I13 -> 756 | ... DE13: =+[3]Total!DE13 -> 32 | DH13: =+K13/B13-1 -> -1 | DI13: =+L13/C13-1 -> 0.028997868 | DJ13: =+M13/D13-1 -> 0.061546135 | DK13: =+N13/E13-1 -> 0.043278085 | DL13: =+O13/F13-1 -> 1 | DM13: =+P13/G13-1 -> 0.044868735 | DN13: =+Q13/H13-1 -> 0.061740959 | DO13: =+R13/I13-1 -> 0.083333333 | ... FU13: =+BX13/BO13-1 -> -0.0049004321
A14: Namaacha | B14: =+[3]Total!B14 -> 3 | C14: =+[3]Total!C14 -> 2298 | D14: =+[3]Total!D14 -> 17791 | E14: =+[3]Total!E14 -> 1477 | F14: =+[3]Total!F14 -> 0 | G14: =+[3]Total!G14 -> 2020 | H14: =+[3]Total!H14 -> 14608 | I14: =+[3]Total!I14 -> 1136 | ... DE14: =+[3]Total!DE14 -> 26 | DH14: =+K14/B14-1 -> -0.33333333 | DI14: =+L14/C14-1 -> 0.048302872 | DJ14: =+M14/D14-1 -> 0.016581418 | DK14: =+N14/E14-1 -> -0.010832769 | DL14: =+O14/F14-1 -> #DIV/0! | DM14: =+P14/G14-1 -> 0.0074257426 | DN14: =+Q14/H14-1 -> 0.025944688 | DO14: =+R14/I14-1 -> 0.012323944 | ... FU14: =+BX14/BO14-1 -> -0.028226226
A15: Moamba | B15: =+[3]Total!B15 -> 5 | C15: =+[3]Total!C15 -> 5170 | D15: =+[3]Total!D15 -> 50692 | E15: =+[3]Total!E15 -> 2783 | F15: =+[3]Total!F15 -> 4 | G15: =+[3]Total!G15 -> 4421 | H15: =+[3]Total!H15 -> 39650 | I15: =+[3]Total!I15 -> 2265 | ... DE15: =+[3]Total!DE15 -> 81 | DH15: =+K15/B15-1 -> 1 | DI15: =+L15/C15-1 -> 0.11450677 | DJ15: =+M15/D15-1 -> 0.12023593 | DK15: =+N15/E15-1 -> 0.075098814 | DL15: =+O15/F15-1 -> 1 | DM15: =+P15/G15-1 -> 0.083917666 | DN15: =+Q15/H15-1 -> 0.083430013 | DO15: =+R15/I15-1 -> 0.087417219 | ... FU15: =+BX15/BO15-1 -> -0.039000452
B16: =+[3]Total!B16 -> 0 | C16: =+[3]Total!C16 -> 0 | D16: =+[3]Total!D16 -> 0 | E16: =+[3]Total!E16 -> 0 | F16: =+[3]Total!F16 -> 0 | G16: =+[3]Total!G16 -> 0 | H16: =+[3]Total!H16 -> 0 | I16: =+[3]Total!I16 -> 0 | ... DE16: =+[3]Total!DE16 -> 0 | DH16: =+K16/B16-1 -> #DIV/0! | DI16: =+L16/C16-1 -> #DIV/0! | DJ16: =+M16/D16-1 -> #DIV/0! | DK16: =+N16/E16-1 -> #DIV/0! | DL16: =+O16/F16-1 -> #DIV/0! | DM16: =+P16/G16-1 -> #DIV/0! | DN16: =+Q16/H16-1 -> #DIV/0! | DO16: =+R16/I16-1 -> #DIV/0! | ... FU16: =+BX16/BO16-1 -> #DIV/0!
A17: Gaza | B17: =SUM(B18:B31) -> 42 | C17: =SUM(C18:C31) -> 51470 | D17: =SUM(D18:D31) -> 310073 | E17: =SUM(E18:E31) -> 25210 | F17: =SUM(F18:F31) -> 53 | G17: =SUM(G18:G31) -> 59517 | H17: =SUM(H18:H31) -> 366073 | I17: =SUM(I18:I31) -> 28139 | ... DE17: =SUM(DE18:DE31) -> 342 | DH17: =+K17/B17-1 -> 0.52380952 | DI17: =+L17/C17-1 -> 0.0089955314 | DJ17: =+M17/D17-1 -> -0.017486205 | DK17: =+N17/E17-1 -> -0.0045220151 | DL17: =+O17/F17-1 -> 0.20754717 | DM17: =+P17/G17-1 -> 0.0022010518 | DN17: =+Q17/H17-1 -> -0.0085529389 | DO17: =+R17/I17-1 -> 0.026084793 | ... FU17: =+BX17/BO17-1 -> -0.0037742864
A18: Cidade de Xai-Xai | B18: =+[3]Total!B18 -> 8 | C18: =+[3]Total!C18 -> 10162 | D18: =+[3]Total!D18 -> 58922 | E18: =+[3]Total!E18 -> 4080 | F18: =+[3]Total!F18 -> 8 | G18: =+[3]Total!G18 -> 12019 | H18: =+[3]Total!H18 -> 67157 | I18: =+[3]Total!I18 -> 4124 | ... DE18: =+[3]Total!DE18 -> 93 | DH18: =+K18/B18-1 -> 0.5 | DI18: =+L18/C18-1 -> 0.029423342 | DJ18: =+M18/D18-1 -> 0.0061097722 | DK18: =+N18/E18-1 -> 0.021323529 | DL18: =+O18/F18-1 -> -0.25 | DM18: =+P18/G18-1 -> 0.021050004 | DN18: =+Q18/H18-1 -> 0.0093512218 | DO18: =+R18/I18-1 -> 0.040252182 | ... FU18: =+BX18/BO18-1 -> -0.0059900504
A19: Bilene-Macia | B19: =+[3]Total!B19 -> 11 | C19: =+[3]Total!C19 -> 8434 | D19: =+[3]Total!D19 -> 51731 | E19: =+[3]Total!E19 -> 3931 | F19: =+[3]Total!F19 -> 11 | G19: =+[3]Total!G19 -> 9035 | H19: =+[3]Total!H19 -> 56552 | I19: =+[3]Total!I19 -> 3987 | ... DE19: =+[3]Total!DE19 -> 52 | DH19: =+K19/B19-1 -> 0.63636364 | DI19: =+L19/C19-1 -> 0.014228124 | DJ19: =+M19/D19-1 -> -0.012526338 | DK19: =+N19/E19-1 -> 0.010684304 | DL19: =+O19/F19-1 -> 0.36363636 | DM19: =+P19/G19-1 -> -0.010957388 | DN19: =+Q19/H19-1 -> -0.0038725421 | DO19: =+R19/I19-1 -> 0.0248307 | ... FU19: =+BX19/BO19-1 -> -0.0059887533
A20: Chibuto | B20: =+[3]Total!B20 -> 4 | C20: =+[3]Total!C20 -> 6110 | D20: =+[3]Total!D20 -> 38701 | E20: =+[3]Total!E20 -> 3525 | F20: =+[3]Total!F20 -> 9 | G20: =+[3]Total!G20 -> 6879 | H20: =+[3]Total!H20 -> 49534 | I20: =+[3]Total!I20 -> 4870 | ... DE20: =+[3]Total!DE20 -> 74 | DH20: =+K20/B20-1 -> 1 | DI20: =+L20/C20-1 -> -0.017021277 | DJ20: =+M20/D20-1 -> -0.042582879 | DK20: =+N20/E20-1 -> -0.018439716 | DL20: =+O20/F20-1 -> -0.11111111 | DM20: =+P20/G20-1 -> 0.004215729 | DN20: =+Q20/H20-1 -> -0.02176283 | DO20: =+R20/I20-1 -> 0.020533881 | ... FU20: =+BX20/BO20-1 -> 0.0011810915
A21: Chicualacuala | B21: =+[3]Total!B21 -> 0 | C21: =+[3]Total!C21 -> 799 | D21: =+[3]Total!D21 -> 3154 | E21: =+[3]Total!E21 -> 194 | F21: =+[3]Total!F21 -> 0 | G21: =+[3]Total!G21 -> 1000 | H21: =+[3]Total!H21 -> 3312 | I21: =+[3]Total!I21 -> 159 | ... DE21: =+[3]Total!DE21 -> 0 | DH21: =+K21/B21-1 -> #DIV/0! | DI21: =+L21/C21-1 -> 0.025031289 | DJ21: =+M21/D21-1 -> -0.00063411541 | DK21: =+N21/E21-1 -> -0.10824742 | DL21: =+O21/F21-1 -> #DIV/0! | DM21: =+P21/G21-1 -> 0.024 | DN21: =+Q21/H21-1 -> -0.055857488 | DO21: =+R21/I21-1 -> 0.031446541 | ... FU21: =+BX21/BO21-1 -> -0.014753688
A22: Chigubo | B22: =+[3]Total!B22 -> 0 | C22: =+[3]Total!C22 -> 267 | D22: =+[3]Total!D22 -> 1709 | E22: =+[3]Total!E22 -> 106 | F22: =+[3]Total!F22 -> 0 | G22: =+[3]Total!G22 -> 296 | H22: =+[3]Total!H22 -> 1528 | I22: =+[3]Total!I22 -> 93 | ... DE22: =+[3]Total!DE22 -> 1 | DH22: =+K22/B22-1 -> #DIV/0! | DI22: =+L22/C22-1 -> 0.0037453184 | DJ22: =+M22/D22-1 -> 0.084844939 | DK22: =+N22/E22-1 -> 0 | DL22: =+O22/F22-1 -> #DIV/0! | DM22: =+P22/G22-1 -> 0.027027027 | DN22: =+Q22/H22-1 -> 0.066753927 | DO22: =+R22/I22-1 -> 0.17204301 | ... FU22: =+BX22/BO22-1 -> 0.033508276
A23: Chókwè | B23: =+[3]Total!B23 -> 6 | C23: =+[3]Total!C23 -> 6275 | D23: =+[3]Total!D23 -> 42497 | E23: =+[3]Total!E23 -> 3784 | F23: =+[3]Total!F23 -> 6 | G23: =+[3]Total!G23 -> 7522 | H23: =+[3]Total!H23 -> 52684 | I23: =+[3]Total!I23 -> 4575 | ... DE23: =+[3]Total!DE23 -> 40 | DH23: =+K23/B23-1 -> 0.33333333 | DI23: =+L23/C23-1 -> 0.018804781 | DJ23: =+M23/D23-1 -> -0.00063533897 | DK23: =+N23/E23-1 -> 0.013742072 | DL23: =+O23/F23-1 -> 0.5 | DM23: =+P23/G23-1 -> -0.0011964903 | DN23: =+Q23/H23-1 -> 0.0034545593 | DO23: =+R23/I23-1 -> 0.032568306 | ... FU23: =+BX23/BO23-1 -> -0.021499319
A24: Guijá | B24: =+[3]Total!B24 -> 1 | C24: =+[3]Total!C24 -> 1549 | D24: =+[3]Total!D24 -> 11819 | E24: =+[3]Total!E24 -> 1138 | F24: =+[3]Total!F24 -> 0 | G24: =+[3]Total!G24 -> 1985 | H24: =+[3]Total!H24 -> 15734 | I24: =+[3]Total!I24 -> 1267 | ... DE24: =+[3]Total!DE24 -> 10 | DH24: =+K24/B24-1 -> 0 | DI24: =+L24/C24-1 -> 0.018721756 | DJ24: =+M24/D24-1 -> -0.010237753 | DK24: =+N24/E24-1 -> -0.063268893 | DL24: =+O24/F24-1 -> #DIV/0! | DM24: =+P24/G24-1 -> -0.022166247 | DN24: =+Q24/H24-1 -> -0.0057836532 | DO24: =+R24/I24-1 -> 0.00078926598 | ... FU24: =+BX24/BO24-1 -> 0.013615862
A25: Mabalane | B25: =+[3]Total!B25 -> 0 | C25: =+[3]Total!C25 -> 739 | D25: =+[3]Total!D25 -> 5011 | E25: =+[3]Total!E25 -> 279 | F25: =+[3]Total!F25 -> 0 | G25: =+[3]Total!G25 -> 972 | H25: =+[3]Total!H25 -> 4774 | I25: =+[3]Total!I25 -> 344 | ... DE25: =+[3]Total!DE25 -> 1 | DH25: =+K25/B25-1 -> #DIV/0! | DI25: =+L25/C25-1 -> 0.0094722598 | DJ25: =+M25/D25-1 -> 0.032927559 | DK25: =+N25/E25-1 -> 0.043010753 | DL25: =+O25/F25-1 -> #DIV/0! | DM25: =+P25/G25-1 -> 0.0020576132 | DN25: =+Q25/H25-1 -> 0.0094260578 | DO25: =+R25/I25-1 -> -0.037790698 | ... FU25: =+BX25/BO25-1 -> -0.0085421412
A26: Manjacaze | B26: =+[3]Total!B26 -> 6 | C26: =+[3]Total!C26 -> 5772 | D26: =+[3]Total!D26 -> 30992 | E26: =+[3]Total!E26 -> 3056 | F26: =+[3]Total!F26 -> 5 | G26: =+[3]Total!G26 -> 6423 | H26: =+[3]Total!H26 -> 35247 | I26: =+[3]Total!I26 -> 3278 | ... DE26: =+[3]Total!DE26 -> 21 | DH26: =+K26/B26-1 -> 0.16666667 | DI26: =+L26/C26-1 -> -0.028413028 | DJ26: =+M26/D26-1 -> -0.045043882 | DK26: =+N26/E26-1 -> -0.027159686 | DL26: =+O26/F26-1 -> 0.6 | DM26: =+P26/G26-1 -> -0.031605169 | DN26: =+Q26/H26-1 -> -0.032258065 | DO26: =+R26/I26-1 -> 0.024100061 | ... FU26: =+BX26/BO26-1 -> 0.00014265335
A27: Massangena | B27: =+[3]Total!B27 -> 0 | C27: =+[3]Total!C27 -> 327 | D27: =+[3]Total!D27 -> 1733 | E27: =+[3]Total!E27 -> 119 | F27: =+[3]Total!F27 -> 0 | G27: =+[3]Total!G27 -> 407 | H27: =+[3]Total!H27 -> 1585 | I27: =+[3]Total!I27 -> 113 | ... DE27: =+[3]Total!DE27 -> 0 | DH27: =+K27/B27-1 -> #DIV/0! | DI27: =+L27/C27-1 -> 0.076452599 | DJ27: =+M27/D27-1 -> 0.041546451 | DK27: =+N27/E27-1 -> -0.084033613 | DL27: =+O27/F27-1 -> #DIV/0! | DM27: =+P27/G27-1 -> 0.029484029 | DN27: =+Q27/H27-1 -> 0.070031546 | DO27: =+R27/I27-1 -> 0.061946903 | ... FU27: =+BX27/BO27-1 -> 0.024118738
A28: Massingir | B28: =+[3]Total!B28 -> 0 | C28: =+[3]Total!C28 -> 667 | D28: =+[3]Total!D28 -> 3286 | E28: =+[3]Total!E28 -> 186 | F28: =+[3]Total!F28 -> 0 | G28: =+[3]Total!G28 -> 862 | H28: =+[3]Total!H28 -> 3371 | I28: =+[3]Total!I28 -> 132 | ... DE28: =+[3]Total!DE28 -> 1 | DH28: =+K28/B28-1 -> #DIV/0! | DI28: =+L28/C28-1 -> 0.0014992504 | DJ28: =+M28/D28-1 -> 0.059646987 | DK28: =+N28/E28-1 -> -0.0053763441 | DL28: =+O28/F28-1 -> #DIV/0! | DM28: =+P28/G28-1 -> 0.015081206 | DN28: =+Q28/H28-1 -> 0.028774844 | DO28: =+R28/I28-1 -> 0.12121212 | ... FU28: =+BX28/BO28-1 -> 0.032704068
A29: Chonguene | B29: =+[3]Total!B29 -> 3 | C29: =+[3]Total!C29 -> 4730 | D29: =+[3]Total!D29 -> 27227 | E29: =+[3]Total!E29 -> 2159 | F29: =+[3]Total!F29 -> 5 | G29: =+[3]Total!G29 -> 5621 | H29: =+[3]Total!H29 -> 33215 | I29: =+[3]Total!I29 -> 2338 | ... DE29: =+[3]Total!DE29 -> 24 | DH29: =+K29/B29-1 -> 0.33333333 | DI29: =+L29/C29-1 -> 0.013319239 | DJ29: =+M29/D29-1 -> -0.044992103 | DK29: =+N29/E29-1 -> -0.021769338 | DL29: =+O29/F29-1 -> 0.4 | DM29: =+P29/G29-1 -> 0.010496353 | DN29: =+Q29/H29-1 -> -0.016739425 | DO29: =+R29/I29-1 -> 0.034644996 | ... FU29: =+BX29/BO29-1 -> 0.00670347
... A31: Limpopo | B31: =+[3]Total!B31 -> 3 | C31: =+[3]Total!C31 -> 4678 | D31: =+[3]Total!D31 -> 29268 | E31: =+[3]Total!E31 -> 2373 | F31: =+[3]Total!F31 -> 9 | G31: =+[3]Total!G31 -> 5232 | H31: =+[3]Total!H31 -> 37388 | I31: =+[3]Total!I31 -> 2610 | ... DE31: =+[3]Total!DE31 -> 21 | DH31: =+K31/B31-1 -> 1 | DI31: =+L31/C31-1 -> -0.0017101325 | DJ31: =+M31/D31-1 -> -0.05265136 | DK31: =+N31/E31-1 -> -0.000842815 | DL31: =+O31/F31-1 -> 0.11111111 | DM31: =+P31/G31-1 -> 0.00095565749 | DN31: =+Q31/H31-1 -> -0.030758532 | DO31: =+R31/I31-1 -> 0.00076628352 | ... FU31: =+BX31/BO31-1 -> -0.0072343864
B32: =+[3]Total!B32 -> 0 | C32: =+[3]Total!C32 -> 0 | D32: =+[3]Total!D32 -> 0 | E32: =+[3]Total!E32 -> 0 | F32: =+[3]Total!F32 -> 0 | G32: =+[3]Total!G32 -> 0 | H32: =+[3]Total!H32 -> 0 | I32: =+[3]Total!I32 -> 0 | ... DE32: =+[3]Total!DE32 -> 0 | DH32: =+K32/B32-1 -> #DIV/0! | DI32: =+L32/C32-1 -> #DIV/0! | DJ32: =+M32/D32-1 -> #DIV/0! | DK32: =+N32/E32-1 -> #DIV/0! | DL32: =+O32/F32-1 -> #DIV/0! | DM32: =+P32/G32-1 -> #DIV/0! | DN32: =+Q32/H32-1 -> #DIV/0! | DO32: =+R32/I32-1 -> #DIV/0! | ... FU32: =+BX32/BO32-1 -> #DIV/0!
A33: Inhambane | B33: =SUM(B34:B47) -> 64 | C33: =SUM(C34:C47) -> 59444 | D33: =SUM(D34:D47) -> 367740 | E33: =SUM(E34:E47) -> 30765 | F33: =SUM(F34:F47) -> 59 | G33: =SUM(G34:G47) -> 61195 | H33: =SUM(H34:H47) -> 373135 | I33: =SUM(I34:I47) -> 24072 | ... DE33: =SUM(DE34:DE47) -> 447 | DH33: =+K33/B33-1 -> 0.09375 | DI33: =+L33/C33-1 -> -0.0033981562 | DJ33: =+M33/D33-1 -> -0.024435743 | DK33: =+N33/E33-1 -> -0.0082561352 | DL33: =+O33/F33-1 -> 0.25423729 | DM33: =+P33/G33-1 -> -0.0066181878 | DN33: =+Q33/H33-1 -> -0.013662615 | DO33: =+R33/I33-1 -> 0.028954802 | ... FU33: =+BX33/BO33-1 -> 0.0013127648
A34: Cidade de Inhambane | B34: =+[3]Total!B34 -> 4 | C34: =+[3]Total!C34 -> 6100 | D34: =+[3]Total!D34 -> 36544 | E34: =+[3]Total!E34 -> 2742 | F34: =+[3]Total!F34 -> 2 | G34: =+[3]Total!G34 -> 6438 | H34: =+[3]Total!H34 -> 36482 | I34: =+[3]Total!I34 -> 2269 | ... DE34: =+[3]Total!DE34 -> 123 | DH34: =+K34/B34-1 -> 0 | DI34: =+L34/C34-1 -> 0.034590164 | DJ34: =+M34/D34-1 -> -0.0033110771 | DK34: =+N34/E34-1 -> 0.0054704595 | DL34: =+O34/F34-1 -> 0.5 | DM34: =+P34/G34-1 -> 0.039763902 | DN34: =+Q34/H34-1 -> 0.0048242969 | DO34: =+R34/I34-1 -> 0.021595416 | ... FU34: =+BX34/BO34-1 -> 0.016444368
A35: Cidade de Maxixe | B35: =+[3]Total!B35 -> 7 | C35: =+[3]Total!C35 -> 8295 | D35: =+[3]Total!D35 -> 48227 | E35: =+[3]Total!E35 -> 3631 | F35: =+[3]Total!F35 -> 13 | G35: =+[3]Total!G35 -> 8907 | H35: =+[3]Total!H35 -> 51941 | I35: =+[3]Total!I35 -> 3184 | ... DE35: =+[3]Total!DE35 -> 61 | DH35: =+K35/B35-1 -> 0 | DI35: =+L35/C35-1 -> -0.011211573 | DJ35: =+M35/D35-1 -> -0.014493956 | DK35: =+N35/E35-1 -> -0.0038556871 | DL35: =+O35/F35-1 -> 0.15384615 | DM35: =+P35/G35-1 -> 0.0092062423 | DN35: =+Q35/H35-1 -> -0.01185961 | DO35: =+R35/I35-1 -> 0.039886935 | ... FU35: =+BX35/BO35-1 -> -0.0054904601
A36: Funhaloro | B36: =+[3]Total!B36 -> 0 | C36: =+[3]Total!C36 -> 861 | D36: =+[3]Total!D36 -> 5424 | E36: =+[3]Total!E36 -> 326 | F36: =+[3]Total!F36 -> 0 | G36: =+[3]Total!G36 -> 975 | H36: =+[3]Total!H36 -> 4871 | I36: =+[3]Total!I36 -> 222 | ... DE36: =+[3]Total!DE36 -> 2 | DH36: =+K36/B36-1 -> #DIV/0! | DI36: =+L36/C36-1 -> 0.0046457607 | DJ36: =+M36/D36-1 -> 0.0027654867 | DK36: =+N36/E36-1 -> -0.018404908 | DL36: =+O36/F36-1 -> #DIV/0! | DM36: =+P36/G36-1 -> -0.0030769231 | DN36: =+Q36/H36-1 -> -0.013138986 | DO36: =+R36/I36-1 -> 0.09009009 | ... FU36: =+BX36/BO36-1 -> 0.019590995
A37: Govuro | B37: =+[3]Total!B37 -> 0 | C37: =+[3]Total!C37 -> 1749 | D37: =+[3]Total!D37 -> 10430 | E37: =+[3]Total!E37 -> 647 | F37: =+[3]Total!F37 -> 1 | G37: =+[3]Total!G37 -> 1425 | H37: =+[3]Total!H37 -> 8799 | I37: =+[3]Total!I37 -> 492 | ... DE37: =+[3]Total!DE37 -> 8 | DH37: =+K37/B37-1 -> #DIV/0! | DI37: =+L37/C37-1 -> 0.0062893082 | DJ37: =+M37/D37-1 -> 0.0070949185 | DK37: =+N37/E37-1 -> -0.027820711 | DL37: =+O37/F37-1 -> 0 | DM37: =+P37/G37-1 -> -0.021754386 | DN37: =+Q37/H37-1 -> -0.0062507103 | DO37: =+R37/I37-1 -> 0.079268293 | ... FU37: =+BX37/BO37-1 -> 0.012370958
A38: Homoine | B38: =+[3]Total!B38 -> 0 | C38: =+[3]Total!C38 -> 2959 | D38: =+[3]Total!D38 -> 17268 | E38: =+[3]Total!E38 -> 1678 | F38: =+[3]Total!F38 -> 3 | G38: =+[3]Total!G38 -> 3335 | H38: =+[3]Total!H38 -> 19274 | I38: =+[3]Total!I38 -> 1572 | ... DE38: =+[3]Total!DE38 -> 12 | DH38: =+K38/B38-1 -> #DIV/0! | DI38: =+L38/C38-1 -> -0.0054072322 | DJ38: =+M38/D38-1 -> -0.038047255 | DK38: =+N38/E38-1 -> -0.031585221 | DL38: =+O38/F38-1 -> 0.33333333 | DM38: =+P38/G38-1 -> 0.019190405 | DN38: =+Q38/H38-1 -> -0.011985058 | DO38: =+R38/I38-1 -> 0.043256997 | ... FU38: =+BX38/BO38-1 -> 0.002399557
A39: Inharrime | B39: =+[3]Total!B39 -> 8 | C39: =+[3]Total!C39 -> 4517 | D39: =+[3]Total!D39 -> 27399 | E39: =+[3]Total!E39 -> 2638 | F39: =+[3]Total!F39 -> 6 | G39: =+[3]Total!G39 -> 4718 | H39: =+[3]Total!H39 -> 29412 | I39: =+[3]Total!I39 -> 2030 | ... DE39: =+[3]Total!DE39 -> 20 | DH39: =+K39/B39-1 -> -0.625 | DI39: =+L39/C39-1 -> 0.017489484 | DJ39: =+M39/D39-1 -> -0.037300631 | DK39: =+N39/E39-1 -> -0.0022744503 | DL39: =+O39/F39-1 -> 0.5 | DM39: =+P39/G39-1 -> -0.0057227639 | DN39: =+Q39/H39-1 -> -0.0016319869 | DO39: =+R39/I39-1 -> 0.057635468 | ... FU39: =+BX39/BO39-1 -> -0.012342611
A40: Inhassoro | B40: =+[3]Total!B40 -> 3 | C40: =+[3]Total!C40 -> 2856 | D40: =+[3]Total!D40 -> 19313 | E40: =+[3]Total!E40 -> 1201 | F40: =+[3]Total!F40 -> 5 | G40: =+[3]Total!G40 -> 2616 | H40: =+[3]Total!H40 -> 15643 | I40: =+[3]Total!I40 -> 738 | ... DE40: =+[3]Total!DE40 -> 26 | DH40: =+K40/B40-1 -> 0.66666667 | DI40: =+L40/C40-1 -> 0.029061625 | DJ40: =+M40/D40-1 -> 0.024284161 | DK40: =+N40/E40-1 -> 0.010824313 | DL40: =+O40/F40-1 -> -0.2 | DM40: =+P40/G40-1 -> 0.035550459 | DN40: =+Q40/H40-1 -> 0.016812632 | DO40: =+R40/I40-1 -> 0.040650407 | ... FU40: =+BX40/BO40-1 -> 0.013230074
A41: Jangamo | B41: =+[3]Total!B41 -> 5 | C41: =+[3]Total!C41 -> 4593 | D41: =+[3]Total!D41 -> 26630 | E41: =+[3]Total!E41 -> 2649 | F41: =+[3]Total!F41 -> 4 | G41: =+[3]Total!G41 -> 4403 | H41: =+[3]Total!H41 -> 24865 | I41: =+[3]Total!I41 -> 1959 | ... DE41: =+[3]Total!DE41 -> 16 | DH41: =+K41/B41-1 -> 0.6 | DI41: =+L41/C41-1 -> -0.042238189 | DJ41: =+M41/D41-1 -> -0.058805858 | DK41: =+N41/E41-1 -> -0.021895055 | DL41: =+O41/F41-1 -> 0.25 | DM41: =+P41/G41-1 -> -0.049965932 | DN41: =+Q41/H41-1 -> -0.039131309 | DO41: =+R41/I41-1 -> 0.01020929 | ... FU41: =+BX41/BO41-1 -> -0.0035189851
A42: Mabote | B42: =+[3]Total!B42 -> 0 | C42: =+[3]Total!C42 -> 1004 | D42: =+[3]Total!D42 -> 5736 | E42: =+[3]Total!E42 -> 403 | F42: =+[3]Total!F42 -> 0 | G42: =+[3]Total!G42 -> 1205 | H42: =+[3]Total!H42 -> 5847 | I42: =+[3]Total!I42 -> 334 | ... DE42: =+[3]Total!DE42 -> 4 | DH42: =+K42/B42-1 -> #DIV/0! | DI42: =+L42/C42-1 -> 0.038844622 | DJ42: =+M42/D42-1 -> 0.022838215 | DK42: =+N42/E42-1 -> -0.05955335 | DL42: =+O42/F42-1 -> #DIV/0! | DM42: =+P42/G42-1 -> 0.0033195021 | DN42: =+Q42/H42-1 -> 0.030442962 | DO42: =+R42/I42-1 -> 0.062874251 | ... FU42: =+BX42/BO42-1 -> 0.024480942
A43: Massinga | B43: =+[3]Total!B43 -> 15 | C43: =+[3]Total!C43 -> 8093 | D43: =+[3]Total!D43 -> 53513 | E43: =+[3]Total!E43 -> 4560 | F43: =+[3]Total!F43 -> 9 | G43: =+[3]Total!G43 -> 8485 | H43: =+[3]Total!H43 -> 58335 | I43: =+[3]Total!I43 -> 3307 | ... DE43: =+[3]Total!DE43 -> 44 | DH43: =+K43/B43-1 -> -0.26666667 | DI43: =+L43/C43-1 -> 0.00098850859 | DJ43: =+M43/D43-1 -> -0.039709977 | DK43: =+N43/E43-1 -> -0.0061403509 | DL43: =+O43/F43-1 -> 0.22222222 | DM43: =+P43/G43-1 -> -0.00058927519 | DN43: =+Q43/H43-1 -> -0.0144853 | DO43: =+R43/I43-1 -> 0.023888721 | ... FU43: =+BX43/BO43-1 -> -0.0072811003
A44: Morrumbene | B44: =+[3]Total!B44 -> 8 | C44: =+[3]Total!C44 -> 3741 | D44: =+[3]Total!D44 -> 24231 | E44: =+[3]Total!E44 -> 2383 | F44: =+[3]Total!F44 -> 3 | G44: =+[3]Total!G44 -> 4132 | H44: =+[3]Total!H44 -> 26691 | I44: =+[3]Total!I44 -> 1884 | ... DE44: =+[3]Total!DE44 -> 16 | DH44: =+K44/B44-1 -> 0 | DI44: =+L44/C44-1 -> -0.036353916 | DJ44: =+M44/D44-1 -> -0.057529611 | DK44: =+N44/E44-1 -> -0.01888376 | DL44: =+O44/F44-1 -> 0.33333333 | DM44: =+P44/G44-1 -> -0.050338819 | DN44: =+Q44/H44-1 -> -0.034468547 | DO44: =+R44/I44-1 -> 0.0031847134 | ... FU44: =+BX44/BO44-1 -> -0.00083487941
A45: Panda | B45: =+[3]Total!B45 -> 2 | C45: =+[3]Total!C45 -> 1624 | D45: =+[3]Total!D45 -> 9055 | E45: =+[3]Total!E45 -> 1075 | F45: =+[3]Total!F45 -> 0 | G45: =+[3]Total!G45 -> 1770 | H45: =+[3]Total!H45 -> 9724 | I45: =+[3]Total!I45 -> 991 | ... DE45: =+[3]Total!DE45 -> 8 | DH45: =+K45/B45-1 -> 1 | DI45: =+L45/C45-1 -> -0.027093596 | DJ45: =+M45/D45-1 -> -0.062727775 | DK45: =+N45/E45-1 -> -0.025116279 | DL45: =+O45/F45-1 -> #DIV/0! | DM45: =+P45/G45-1 -> -0.040677966 | DN45: =+Q45/H45-1 -> -0.044529 | DO45: =+R45/I45-1 -> -0.010090817 | ... FU45: =+BX45/BO45-1 -> -0.0093175523
... A47: Zavala (Quissico) | B47: =+[3]Total!B47 -> 7 | C47: =+[3]Total!C47 -> 5685 | D47: =+[3]Total!D47 -> 35254 | E47: =+[3]Total!E47 -> 3686 | F47: =+[3]Total!F47 -> 8 | G47: =+[3]Total!G47 -> 6158 | H47: =+[3]Total!H47 -> 39169 | I47: =+[3]Total!I47 -> 2971 | ... DE47: =+[3]Total!DE47 -> 24 | DH47: =+K47/B47-1 -> 0.28571429 | DI47: =+L47/C47-1 -> -0.039577836 | DJ47: =+M47/D47-1 -> -0.051540251 | DK47: =+N47/E47-1 -> -0.017634292 | DL47: =+O47/F47-1 -> 0.125 | DM47: =+P47/G47-1 -> -0.058460539 | DN47: =+Q47/H47-1 -> -0.0434272 | DO47: =+R47/I47-1 -> 0.014136654 | ... FU47: =+BX47/BO47-1 -> 0.00069598228
B48: =+[3]Total!B48 -> 0 | C48: =+[3]Total!C48 -> 0 | D48: =+[3]Total!D48 -> 0 | E48: =+[3]Total!E48 -> 0 | F48: =+[3]Total!F48 -> 0 | G48: =+[3]Total!G48 -> 0 | H48: =+[3]Total!H48 -> 0 | I48: =+[3]Total!I48 -> 0 | ... DE48: =+[3]Total!DE48 -> 0 | DH48: =+K48/B48-1 -> #DIV/0! | DI48: =+L48/C48-1 -> #DIV/0! | DJ48: =+M48/D48-1 -> #DIV/0! | DK48: =+N48/E48-1 -> #DIV/0! | DL48: =+O48/F48-1 -> #DIV/0! | DM48: =+P48/G48-1 -> #DIV/0! | DN48: =+Q48/H48-1 -> #DIV/0! | DO48: =+R48/I48-1 -> #DIV/0! | ... FU48: =+BX48/BO48-1 -> #DIV/0!
A49: Sofala | B49: =SUM(B50:B62) -> 48 | C49: =SUM(C50:C62) -> 71780 | D49: =SUM(D50:D62) -> 591910 | E49: =SUM(E50:E62) -> 32400 | F49: =SUM(F50:F62) -> 38 | G49: =SUM(G50:G62) -> 54613 | H49: =SUM(H50:H62) -> 393667 | I49: =SUM(I50:I62) -> 22638 | ... DE49: =SUM(DE50:DE62) -> 2180 | DH49: =+K49/B49-1 -> 0.5625 | DI49: =+L49/C49-1 -> 0.052563388 | DJ49: =+M49/D49-1 -> 0.040448717 | DK49: =+N49/E49-1 -> 0.05 | DL49: =+O49/F49-1 -> 0.31578947 | DM49: =+P49/G49-1 -> 0.071136909 | DN49: =+Q49/H49-1 -> 0.060843302 | DO49: =+R49/I49-1 -> 0.13163707 | ... FU49: =+BX49/BO49-1 -> 0.0029501856
A50: Cidade da Beira | B50: =+[3]Total!B50 -> 22 | C50: =+[3]Total!C50 -> 36842 | D50: =+[3]Total!D50 -> 293814 | E50: =+[3]Total!E50 -> 14339 | F50: =+[3]Total!F50 -> 27 | G50: =+[3]Total!G50 -> 31135 | H50: =+[3]Total!H50 -> 214410 | I50: =+[3]Total!I50 -> 9405 | ... DE50: =+[3]Total!DE50 -> 945 | DH50: =+K50/B50-1 -> 0.54545455 | DI50: =+L50/C50-1 -> 0.032897237 | DJ50: =+M50/D50-1 -> 0.024216001 | DK50: =+N50/E50-1 -> 0.023223377 | DL50: =+O50/F50-1 -> 0.25925926 | DM50: =+P50/G50-1 -> 0.043584391 | DN50: =+Q50/H50-1 -> 0.029578844 | DO50: =+R50/I50-1 -> 0.067410952 | ... FU50: =+BX50/BO50-1 -> 0.0026714929
A51: Buzi | B51: =+[3]Total!B51 -> 0 | C51: =+[3]Total!C51 -> 2190 | D51: =+[3]Total!D51 -> 19457 | E51: =+[3]Total!E51 -> 1232 | F51: =+[3]Total!F51 -> 0 | G51: =+[3]Total!G51 -> 1816 | H51: =+[3]Total!H51 -> 13014 | I51: =+[3]Total!I51 -> 822 | ... DE51: =+[3]Total!DE51 -> 7 | DH51: =+K51/B51-1 -> #DIV/0! | DI51: =+L51/C51-1 -> 0.15616438 | DJ51: =+M51/D51-1 -> 0.070360282 | DK51: =+N51/E51-1 -> 0.073051948 | DL51: =+O51/F51-1 -> #DIV/0! | DM51: =+P51/G51-1 -> 0.15088106 | DN51: =+Q51/H51-1 -> 0.13861995 | DO51: =+R51/I51-1 -> 0.28832117 | ... FU51: =+BX51/BO51-1 -> 0.017300898
A52: Caia | B52: =+[3]Total!B52 -> 8 | C52: =+[3]Total!C52 -> 3756 | D52: =+[3]Total!D52 -> 33368 | E52: =+[3]Total!E52 -> 2412 | F52: =+[3]Total!F52 -> 1 | G52: =+[3]Total!G52 -> 2363 | H52: =+[3]Total!H52 -> 18146 | I52: =+[3]Total!I52 -> 2052 | ... DE52: =+[3]Total!DE52 -> 22 | DH52: =+K52/B52-1 -> 0 | DI52: =+L52/C52-1 -> 0.040734824 | DJ52: =+M52/D52-1 -> 0.048429633 | DK52: =+N52/E52-1 -> 0.036898839 | DL52: =+O52/F52-1 -> 1 | DM52: =+P52/G52-1 -> 0.11426153 | DN52: =+Q52/H52-1 -> 0.090818913 | DO52: =+R52/I52-1 -> 0.11598441 | ... FU52: =+BX52/BO52-1 -> -0.0046696606
A53: Chemba | B53: =+[3]Total!B53 -> 1 | C53: =+[3]Total!C53 -> 1277 | D53: =+[3]Total!D53 -> 9770 | E53: =+[3]Total!E53 -> 493 | F53: =+[3]Total!F53 -> 0 | G53: =+[3]Total!G53 -> 705 | H53: =+[3]Total!H53 -> 4471 | I53: =+[3]Total!I53 -> 254 | ... DE53: =+[3]Total!DE53 -> 2 | DH53: =+K53/B53-1 -> -1 | DI53: =+L53/C53-1 -> 0.11433046 | DJ53: =+M53/D53-1 -> 0.11207779 | DK53: =+N53/E53-1 -> 0.13387424 | DL53: =+O53/F53-1 -> #DIV/0! | DM53: =+P53/G53-1 -> 0.30638298 | DN53: =+Q53/H53-1 -> 0.23149184 | DO53: =+R53/I53-1 -> 0.53937008 | ... FU53: =+BX53/BO53-1 -> -0.0085852136
A54: Cheringoma | B54: =+[3]Total!B54 -> 2 | C54: =+[3]Total!C54 -> 1495 | D54: =+[3]Total!D54 -> 9738 | E54: =+[3]Total!E54 -> 470 | F54: =+[3]Total!F54 -> 0 | G54: =+[3]Total!G54 -> 1118 | H54: =+[3]Total!H54 -> 5485 | I54: =+[3]Total!I54 -> 345 | ... DE54: =+[3]Total!DE54 -> 5 | DH54: =+K54/B54-1 -> 0.5 | DI54: =+L54/C54-1 -> 0.0073578595 | DJ54: =+M54/D54-1 -> 0.057917437 | DK54: =+N54/E54-1 -> 0.059574468 | DL54: =+O54/F54-1 -> #DIV/0! | DM54: =+P54/G54-1 -> 0.0080500894 | DN54: =+Q54/H54-1 -> 0.10811304 | DO54: =+R54/I54-1 -> 0.16231884 | ... FU54: =+BX54/BO54-1 -> 0.0015627442
A55: Chibabava | B55: =+[3]Total!B55 -> 0 | C55: =+[3]Total!C55 -> 1708 | D55: =+[3]Total!D55 -> 13647 | E55: =+[3]Total!E55 -> 567 | F55: =+[3]Total!F55 -> 0 | G55: =+[3]Total!G55 -> 1173 | H55: =+[3]Total!H55 -> 7939 | I55: =+[3]Total!I55 -> 391 | ... DE55: =+[3]Total!DE55 -> 7 | DH55: =+K55/B55-1 -> #DIV/0! | DI55: =+L55/C55-1 -> 0.078454333 | DJ55: =+M55/D55-1 -> 0.063676999 | DK55: =+N55/E55-1 -> 0.035273369 | DL55: =+O55/F55-1 -> #DIV/0! | DM55: =+P55/G55-1 -> 0.10912191 | DN55: =+Q55/H55-1 -> 0.10530293 | DO55: =+R55/I55-1 -> 0.1202046 | ... FU55: =+BX55/BO55-1 -> -0.0031934003
A56: Dondo | B56: =+[3]Total!B56 -> 6 | C56: =+[3]Total!C56 -> 8313 | D56: =+[3]Total!D56 -> 75591 | E56: =+[3]Total!E56 -> 4050 | F56: =+[3]Total!F56 -> 4 | G56: =+[3]Total!G56 -> 6032 | H56: =+[3]Total!H56 -> 50803 | I56: =+[3]Total!I56 -> 2699 | ... DE56: =+[3]Total!DE56 -> 687 | DH56: =+K56/B56-1 -> 0.83333333 | DI56: =+L56/C56-1 -> 0.02634428 | DJ56: =+M56/D56-1 -> 0.018851451 | DK56: =+N56/E56-1 -> 0.021234568 | DL56: =+O56/F56-1 -> 0.75 | DM56: =+P56/G56-1 -> 0.045755968 | DN56: =+Q56/H56-1 -> 0.023069504 | DO56: =+R56/I56-1 -> 0.08632827 | ... FU56: =+BX56/BO56-1 -> 0.0060764325
A57: Gorongoza | B57: =+[3]Total!B57 -> 1 | C57: =+[3]Total!C57 -> 3206 | D57: =+[3]Total!D57 -> 26158 | E57: =+[3]Total!E57 -> 1441 | F57: =+[3]Total!F57 -> 2 | G57: =+[3]Total!G57 -> 1937 | H57: =+[3]Total!H57 -> 13963 | I57: =+[3]Total!I57 -> 994 | ... DE57: =+[3]Total!DE57 -> 34 | DH57: =+K57/B57-1 -> 1 | DI57: =+L57/C57-1 -> 0.074547723 | DJ57: =+M57/D57-1 -> 0.074050004 | DK57: =+N57/E57-1 -> 0.17279667 | DL57: =+O57/F57-1 -> -0.5 | DM57: =+P57/G57-1 -> 0.15952504 | DN57: =+Q57/H57-1 -> 0.20919573 | DO57: =+R57/I57-1 -> 0.47585513 | ... FU57: =+BX57/BO57-1 -> 0.011737873
A58: Machanga | B58: =+[3]Total!B58 -> 0 | C58: =+[3]Total!C58 -> 911 | D58: =+[3]Total!D58 -> 4670 | E58: =+[3]Total!E58 -> 207 | F58: =+[3]Total!F58 -> 0 | G58: =+[3]Total!G58 -> 667 | H58: =+[3]Total!H58 -> 3207 | I58: =+[3]Total!I58 -> 186 | ... DE58: =+[3]Total!DE58 -> 3 | DH58: =+K58/B58-1 -> #DIV/0! | DI58: =+L58/C58-1 -> 0.18551043 | DJ58: =+M58/D58-1 -> 0.16466809 | DK58: =+N58/E58-1 -> 0.2173913 | DL58: =+O58/F58-1 -> #DIV/0! | DM58: =+P58/G58-1 -> 0.28485757 | DN58: =+Q58/H58-1 -> 0.2457125 | DO58: =+R58/I58-1 -> 0.29032258 | ... FU58: =+BX58/BO58-1 -> 0.018254604
A59: Maringue | B59: =+[3]Total!B59 -> 0 | C59: =+[3]Total!C59 -> 1909 | D59: =+[3]Total!D59 -> 16063 | E59: =+[3]Total!E59 -> 855 | F59: =+[3]Total!F59 -> 1 | G59: =+[3]Total!G59 -> 1507 | H59: =+[3]Total!H59 -> 9611 | I59: =+[3]Total!I59 -> 968 | ... DE59: =+[3]Total!DE59 -> 5 | DH59: =+K59/B59-1 -> #DIV/0! | DI59: =+L59/C59-1 -> 0.10424306 | DJ59: =+M59/D59-1 -> 0.078503393 | DK59: =+N59/E59-1 -> 0.12982456 | DL59: =+O59/F59-1 -> -1 | DM59: =+P59/G59-1 -> 0.14930325 | DN59: =+Q59/H59-1 -> 0.11330767 | DO59: =+R59/I59-1 -> 0.11363636 | ... FU59: =+BX59/BO59-1 -> -0.0024229425
A60: Marromeu | B60: =+[3]Total!B60 -> 1 | C60: =+[3]Total!C60 -> 4030 | D60: =+[3]Total!D60 -> 29129 | E60: =+[3]Total!E60 -> 1793 | F60: =+[3]Total!F60 -> 1 | G60: =+[3]Total!G60 -> 2242 | H60: =+[3]Total!H60 -> 14391 | I60: =+[3]Total!I60 -> 1067 | ... DE60: =+[3]Total!DE60 -> 29 | DH60: =+K60/B60-1 -> 5 | DI60: =+L60/C60-1 -> 0.099007444 | DJ60: =+M60/D60-1 -> 0.062137389 | DK60: =+N60/E60-1 -> 0.049079755 | DL60: =+O60/F60-1 -> 0 | DM60: =+P60/G60-1 -> 0.10392507 | DN60: =+Q60/H60-1 -> 0.10958238 | DO60: =+R60/I60-1 -> 0.1190253 | ... FU60: =+BX60/BO60-1 -> -0.00083995968
A61: Muanza | B61: =+[3]Total!B61 -> 0 | C61: =+[3]Total!C61 -> 686 | D61: =+[3]Total!D61 -> 5361 | E61: =+[3]Total!E61 -> 181 | F61: =+[3]Total!F61 -> 0 | G61: =+[3]Total!G61 -> 570 | H61: =+[3]Total!H61 -> 3331 | I61: =+[3]Total!I61 -> 124 | ... DE61: =+[3]Total!DE61 -> 6 | DH61: =+K61/B61-1 -> #DIV/0! | DI61: =+L61/C61-1 -> 0.10932945 | DJ61: =+M61/D61-1 -> 0.084685693 | DK61: =+N61/E61-1 -> 0.1160221 | DL61: =+O61/F61-1 -> #DIV/0! | DM61: =+P61/G61-1 -> 0.12105263 | DN61: =+Q61/H61-1 -> 0.1450015 | DO61: =+R61/I61-1 -> 0.45967742 | ... FU61: =+BX61/BO61-1 -> 0.0141258
A62: Nhamatanda | B62: =+[3]Total!B62 -> 7 | C62: =+[3]Total!C62 -> 5457 | D62: =+[3]Total!D62 -> 55144 | E62: =+[3]Total!E62 -> 4360 | F62: =+[3]Total!F62 -> 2 | G62: =+[3]Total!G62 -> 3348 | H62: =+[3]Total!H62 -> 34896 | I62: =+[3]Total!I62 -> 3331 | ... DE62: =+[3]Total!DE62 -> 428 | DH62: =+K62/B62-1 -> 0.14285714 | DI62: =+L62/C62-1 -> 0.087044163 | DJ62: =+M62/D62-1 -> 0.066335413 | DK62: =+N62/E62-1 -> 0.090366972 | DL62: =+O62/F62-1 -> 1 | DM62: =+P62/G62-1 -> 0.098267622 | DN62: =+Q62/H62-1 -> 0.10499771 | DO62: =+R62/I62-1 -> 0.17322125 | ... FU62: =+BX62/BO62-1 -> 0.0010987723
B63: =+[3]Total!B63 -> 0 | C63: =+[3]Total!C63 -> 0 | D63: =+[3]Total!D63 -> 0 | E63: =+[3]Total!E63 -> 0 | F63: =+[3]Total!F63 -> 0 | G63: =+[3]Total!G63 -> 0 | H63: =+[3]Total!H63 -> 0 | I63: =+[3]Total!I63 -> 0 | ... DE63: =+[3]Total!DE63 -> 0 | DH63: =+K63/B63-1 -> #DIV/0! | DI63: =+L63/C63-1 -> #DIV/0! | DJ63: =+M63/D63-1 -> #DIV/0! | DK63: =+N63/E63-1 -> #DIV/0! | DL63: =+O63/F63-1 -> #DIV/0! | DM63: =+P63/G63-1 -> #DIV/0! | DN63: =+Q63/H63-1 -> #DIV/0! | DO63: =+R63/I63-1 -> #DIV/0! | ... FU63: =+BX63/BO63-1 -> #DIV/0!
A64: Manica | B64: =SUM(B65:B77) -> 16 | C64: =SUM(C65:C77) -> 49278 | D64: =SUM(D65:D77) -> 366770 | E64: =SUM(E65:E77) -> 18407 | F64: =SUM(F65:F77) -> 18 | G64: =SUM(G65:G77) -> 42757 | H64: =SUM(H65:H77) -> 260808 | I64: =SUM(I65:I77) -> 12381 | ... DE64: =SUM(DE65:DE77) -> 352 | DH64: =+K64/B64-1 -> 0.375 | DI64: =+L64/C64-1 -> 0.076829417 | DJ64: =+M64/D64-1 -> 0.058649835 | DK64: =+N64/E64-1 -> 0.066768077 | DL64: =+O64/F64-1 -> 0.55555556 | DM64: =+P64/G64-1 -> 0.090885703 | DN64: =+Q64/H64-1 -> 0.08040781 | DO64: =+R64/I64-1 -> 0.22074146 | ... FU64: =+BX64/BO64-1 -> 0.012665389
A65: Cidade de Chimoio | B65: =+[3]Total!B65 -> 12 | C65: =+[3]Total!C65 -> 24053 | D65: =+[3]Total!D65 -> 173563 | E65: =+[3]Total!E65 -> 8723 | F65: =+[3]Total!F65 -> 14 | G65: =+[3]Total!G65 -> 21571 | H65: =+[3]Total!H65 -> 133125 | I65: =+[3]Total!I65 -> 5775 | ... DE65: =+[3]Total!DE65 -> 222 | DH65: =+K65/B65-1 -> 0 | DI65: =+L65/C65-1 -> 0.075208914 | DJ65: =+M65/D65-1 -> 0.044756083 | DK65: =+N65/E65-1 -> 0.059039321 | DL65: =+O65/F65-1 -> 0.5 | DM65: =+P65/G65-1 -> 0.087571276 | DN65: =+Q65/H65-1 -> 0.056773709 | DO65: =+R65/I65-1 -> 0.16450216 | ... FU65: =+BX65/BO65-1 -> 0.0027898028
A66: Bárue | B66: =+[3]Total!B66 -> 1 | C66: =+[3]Total!C66 -> 4073 | D66: =+[3]Total!D66 -> 35627 | E66: =+[3]Total!E66 -> 1718 | F66: =+[3]Total!F66 -> 0 | G66: =+[3]Total!G66 -> 3112 | H66: =+[3]Total!H66 -> 20683 | I66: =+[3]Total!I66 -> 1254 | ... DE66: =+[3]Total!DE66 -> 14 | DH66: =+K66/B66-1 -> 0 | DI66: =+L66/C66-1 -> 0.093788362 | DJ66: =+M66/D66-1 -> 0.057259943 | DK66: =+N66/E66-1 -> 0.10011641 | DL66: =+O66/F66-1 -> #DIV/0! | DM66: =+P66/G66-1 -> 0.10025707 | DN66: =+Q66/H66-1 -> 0.1194701 | DO66: =+R66/I66-1 -> 0.33094099 | ... FU66: =+BX66/BO66-1 -> 0.018083361
A67: Gondola | B67: =+[3]Total!B67 -> 0 | C67: =+[3]Total!C67 -> 876 | D67: =+[3]Total!D67 -> 5343 | E67: =+[3]Total!E67 -> 257 | F67: =+[3]Total!F67 -> 0 | G67: =+[3]Total!G67 -> 1146 | H67: =+[3]Total!H67 -> 5786 | I67: =+[3]Total!I67 -> 263 | ... DE67: =+[3]Total!DE67 -> 0 | DH67: =+K67/B67-1 -> #DIV/0! | DI67: =+L67/C67-1 -> 0.13926941 | DJ67: =+M67/D67-1 -> 0.20980722 | DK67: =+N67/E67-1 -> 0.11673152 | DL67: =+O67/F67-1 -> #DIV/0! | DM67: =+P67/G67-1 -> 0.084642234 | DN67: =+Q67/H67-1 -> 0.19443484 | DO67: =+R67/I67-1 -> 0.61596958 | ... FU67: =+BX67/BO67-1 -> 0.097252263
A68: Guro | B68: =+[3]Total!B68 -> 1 | C68: =+[3]Total!C68 -> 2599 | D68: =+[3]Total!D68 -> 16372 | E68: =+[3]Total!E68 -> 720 | F68: =+[3]Total!F68 -> 0 | G68: =+[3]Total!G68 -> 1796 | H68: =+[3]Total!H68 -> 8708 | I68: =+[3]Total!I68 -> 501 | ... DE68: =+[3]Total!DE68 -> 20 | DH68: =+K68/B68-1 -> 0 | DI68: =+L68/C68-1 -> 0.052327818 | DJ68: =+M68/D68-1 -> 0.062057171 | DK68: =+N68/E68-1 -> 0.083333333 | DL68: =+O68/F68-1 -> #DIV/0! | DM68: =+P68/G68-1 -> 0.12193764 | DN68: =+Q68/H68-1 -> 0.11334405 | DO68: =+R68/I68-1 -> 0.21357285 | ... FU68: =+BX68/BO68-1 -> 0.024186338
A69: Machaze | B69: =+[3]Total!B69 -> 0 | C69: =+[3]Total!C69 -> 1368 | D69: =+[3]Total!D69 -> 8118 | E69: =+[3]Total!E69 -> 307 | F69: =+[3]Total!F69 -> 1 | G69: =+[3]Total!G69 -> 1399 | H69: =+[3]Total!H69 -> 6487 | I69: =+[3]Total!I69 -> 249 | ... DE69: =+[3]Total!DE69 -> 5 | DH69: =+K69/B69-1 -> #DIV/0! | DI69: =+L69/C69-1 -> -0.049707602 | DJ69: =+M69/D69-1 -> 0.05370781 | DK69: =+N69/E69-1 -> 0.074918567 | DL69: =+O69/F69-1 -> -1 | DM69: =+P69/G69-1 -> 0.032880629 | DN69: =+Q69/H69-1 -> 0.055495607 | DO69: =+R69/I69-1 -> 0.29317269 | ... FU69: =+BX69/BO69-1 -> 0.023005846
A70: Macossa | B70: =+[3]Total!B70 -> 0 | C70: =+[3]Total!C70 -> 618 | D70: =+[3]Total!D70 -> 5081 | E70: =+[3]Total!E70 -> 261 | F70: =+[3]Total!F70 -> 0 | G70: =+[3]Total!G70 -> 514 | H70: =+[3]Total!H70 -> 2885 | I70: =+[3]Total!I70 -> 193 | ... DE70: =+[3]Total!DE70 -> 2 | DH70: =+K70/B70-1 -> #DIV/0! | DI70: =+L70/C70-1 -> 0.12135922 | DJ70: =+M70/D70-1 -> 0.1419012 | DK70: =+N70/E70-1 -> 0.13793103 | DL70: =+O70/F70-1 -> #DIV/0! | DM70: =+P70/G70-1 -> 0.18871595 | DN70: =+Q70/H70-1 -> 0.28769497 | DO70: =+R70/I70-1 -> 0.50259067 | ... FU70: =+BX70/BO70-1 -> -0.0056055273
A71: Manica | B71: =+[3]Total!B71 -> 0 | C71: =+[3]Total!C71 -> 6983 | D71: =+[3]Total!D71 -> 52253 | E71: =+[3]Total!E71 -> 2769 | F71: =+[3]Total!F71 -> 3 | G71: =+[3]Total!G71 -> 5664 | H71: =+[3]Total!H71 -> 37022 | I71: =+[3]Total!I71 -> 1754 | ... DE71: =+[3]Total!DE71 -> 53 | DH71: =+K71/B71-1 -> #DIV/0! | DI71: =+L71/C71-1 -> 0.076614636 | DJ71: =+M71/D71-1 -> 0.056015923 | DK71: =+N71/E71-1 -> 0.040447815 | DL71: =+O71/F71-1 -> 0.33333333 | DM71: =+P71/G71-1 -> 0.067973164 | DN71: =+Q71/H71-1 -> 0.076684134 | DO71: =+R71/I71-1 -> 0.17217788 | ... FU71: =+BX71/BO71-1 -> 0.021326829
A72: Mossurize | B72: =+[3]Total!B72 -> 0 | C72: =+[3]Total!C72 -> 1339 | D72: =+[3]Total!D72 -> 8143 | E72: =+[3]Total!E72 -> 348 | F72: =+[3]Total!F72 -> 0 | G72: =+[3]Total!G72 -> 1438 | H72: =+[3]Total!H72 -> 6343 | I72: =+[3]Total!I72 -> 270 | ... DE72: =+[3]Total!DE72 -> 5 | DH72: =+K72/B72-1 -> #DIV/0! | DI72: =+L72/C72-1 -> 0.10530246 | DJ72: =+M72/D72-1 -> 0.10241926 | DK72: =+N72/E72-1 -> 0.12068966 | DL72: =+O72/F72-1 -> #DIV/0! | DM72: =+P72/G72-1 -> 0.11335188 | DN72: =+Q72/H72-1 -> 0.14519943 | DO72: =+R72/I72-1 -> 0.43703704 | ... FU72: =+BX72/BO72-1 -> 0.0084283192
A73: Sussundenga | B73: =+[3]Total!B73 -> 1 | C73: =+[3]Total!C73 -> 2800 | D73: =+[3]Total!D73 -> 25906 | E73: =+[3]Total!E73 -> 1368 | F73: =+[3]Total!F73 -> 0 | G73: =+[3]Total!G73 -> 2322 | H73: =+[3]Total!H73 -> 16743 | I73: =+[3]Total!I73 -> 922 | ... DE73: =+[3]Total!DE73 -> 21 | DH73: =+K73/B73-1 -> 1 | DI73: =+L73/C73-1 -> 0.10964286 | DJ73: =+M73/D73-1 -> 0.077588204 | DK73: =+N73/E73-1 -> 0.074561404 | DL73: =+O73/F73-1 -> #DIV/0! | DM73: =+P73/G73-1 -> 0.11757106 | DN73: =+Q73/H73-1 -> 0.081287702 | DO73: =+R73/I73-1 -> 0.21258134 | ... FU73: =+BX73/BO73-1 -> -0.0011827787
A74: Tambara | B74: =+[3]Total!B74 -> 0 | C74: =+[3]Total!C74 -> 911 | D74: =+[3]Total!D74 -> 5688 | E74: =+[3]Total!E74 -> 224 | F74: =+[3]Total!F74 -> 0 | G74: =+[3]Total!G74 -> 837 | H74: =+[3]Total!H74 -> 3653 | I74: =+[3]Total!I74 -> 178 | ... DE74: =+[3]Total!DE74 -> 0 | DH74: =+K74/B74-1 -> #DIV/0! | DI74: =+L74/C74-1 -> 0.082327113 | DJ74: =+M74/D74-1 -> 0.12869198 | DK74: =+N74/E74-1 -> 0.12053571 | DL74: =+O74/F74-1 -> #DIV/0! | DM74: =+P74/G74-1 -> 0.1218638 | DN74: =+Q74/H74-1 -> 0.17875719 | DO74: =+R74/I74-1 -> 0.35955056 | ... FU74: =+BX74/BO74-1 -> 0.017678381
A75: Macate | B75: =+[3]Total!B75 -> 0 | C75: =+[3]Total!C75 -> 836 | D75: =+[3]Total!D75 -> 7329 | E75: =+[3]Total!E75 -> 442 | F75: =+[3]Total!F75 -> 0 | G75: =+[3]Total!G75 -> 607 | H75: =+[3]Total!H75 -> 3868 | I75: =+[3]Total!I75 -> 206 | ... DE75: =+[3]Total!DE75 -> 1 | DH75: =+K75/B75-1 -> #DIV/0! | DI75: =+L75/C75-1 -> 0.057416268 | DJ75: =+M75/D75-1 -> 0.044753718 | DK75: =+N75/E75-1 -> 0.031674208 | DL75: =+O75/F75-1 -> #DIV/0! | DM75: =+P75/G75-1 -> 0.05107084 | DN75: =+Q75/H75-1 -> 0.065149948 | DO75: =+R75/I75-1 -> 0.17961165 | ... FU75: =+BX75/BO75-1 -> 0.033301002
A76: Vanduzi | B76: =+[3]Total!B76 -> 1 | C76: =+[3]Total!C76 -> 2822 | D76: =+[3]Total!D76 -> 23347 | E76: =+[3]Total!E76 -> 1270 | F76: =+[3]Total!F76 -> 0 | G76: =+[3]Total!G76 -> 2351 | H76: =+[3]Total!H76 -> 15505 | I76: =+[3]Total!I76 -> 816 | ... DE76: =+[3]Total!DE76 -> 9 | DH76: =+K76/B76-1 -> 1 | DI76: =+L76/C76-1 -> 0.079376329 | DJ76: =+M76/D76-1 -> 0.067588984 | DK76: =+N76/E76-1 -> 0.075590551 | DL76: =+O76/F76-1 -> #DIV/0! | DM76: =+P76/G76-1 -> 0.11569545 | DN76: =+Q76/H76-1 -> 0.10409545 | DO76: =+R76/I76-1 -> 0.25980392 | ... FU76: =+BX76/BO76-1 -> 0.018573722
B77: =+[3]Total!B77 -> 0 | C77: =+[3]Total!C77 -> 0 | D77: =+[3]Total!D77 -> 0 | E77: =+[3]Total!E77 -> 0 | F77: =+[3]Total!F77 -> 0 | G77: =+[3]Total!G77 -> 0 | H77: =+[3]Total!H77 -> 0 | I77: =+[3]Total!I77 -> 0 | ... DE77: =+[3]Total!DE77 -> 0 | DH77: =+K77/B77-1 -> #DIV/0! | DI77: =+L77/C77-1 -> #DIV/0! | DJ77: =+M77/D77-1 -> #DIV/0! | DK77: =+N77/E77-1 -> #DIV/0! | DL77: =+O77/F77-1 -> #DIV/0! | DM77: =+P77/G77-1 -> #DIV/0! | DN77: =+Q77/H77-1 -> #DIV/0! | DO77: =+R77/I77-1 -> #DIV/0! | ... FU77: =+BX77/BO77-1 -> #DIV/0!
A78: Tete | B78: =SUM(B79:B94) -> 23 | C78: =SUM(C79:C94) -> 48940 | D78: =SUM(D79:D94) -> 432246 | E78: =SUM(E79:E94) -> 19822 | F78: =SUM(F79:F94) -> 23 | G78: =SUM(G79:G94) -> 40300 | H78: =SUM(H79:H94) -> 282775 | I78: =SUM(I79:I94) -> 13770 | ... DE78: =SUM(DE79:DE94) -> 1663 | DH78: =+K78/B78-1 -> 1 | DI78: =+L78/C78-1 -> 0.084961177 | DJ78: =+M78/D78-1 -> 0.055188481 | DK78: =+N78/E78-1 -> 0.057259611 | DL78: =+O78/F78-1 -> 0.7826087 | DM78: =+P78/G78-1 -> 0.088436725 | DN78: =+Q78/H78-1 -> 0.076919813 | DO78: =+R78/I78-1 -> 0.15620915 | ... FU78: =+BX78/BO78-1 -> 0.010138351
A79: Cidade de Tete | B79: =+[3]Total!B79 -> 9 | C79: =+[3]Total!C79 -> 21933 | D79: =+[3]Total!D79 -> 182256 | E79: =+[3]Total!E79 -> 6775 | F79: =+[3]Total!F79 -> 11 | G79: =+[3]Total!G79 -> 19703 | H79: =+[3]Total!H79 -> 129483 | I79: =+[3]Total!I79 -> 4962 | ... DE79: =+[3]Total!DE79 -> 392 | DH79: =+K79/B79-1 -> 1.5555556 | DI79: =+L79/C79-1 -> 0.068253317 | DJ79: =+M79/D79-1 -> 0.047746028 | DK79: =+N79/E79-1 -> 0.061697417 | DL79: =+O79/F79-1 -> 1.2727273 | DM79: =+P79/G79-1 -> 0.061005938 | DN79: =+Q79/H79-1 -> 0.059675788 | DO79: =+R79/I79-1 -> 0.11366385 | ... FU79: =+BX79/BO79-1 -> -0.0028209812
A80: Angónia | B80: =+[3]Total!B80 -> 3 | C80: =+[3]Total!C80 -> 3714 | D80: =+[3]Total!D80 -> 29570 | E80: =+[3]Total!E80 -> 1191 | F80: =+[3]Total!F80 -> 1 | G80: =+[3]Total!G80 -> 3091 | H80: =+[3]Total!H80 -> 17763 | I80: =+[3]Total!I80 -> 794 | ... DE80: =+[3]Total!DE80 -> 25 | DH80: =+K80/B80-1 -> 0.33333333 | DI80: =+L80/C80-1 -> 0.10312332 | DJ80: =+M80/D80-1 -> 0.074501184 | DK80: =+N80/E80-1 -> 0.073047859 | DL80: =+O80/F80-1 -> 0 | DM80: =+P80/G80-1 -> 0.13846652 | DN80: =+Q80/H80-1 -> 0.12424703 | DO80: =+R80/I80-1 -> 0.36649874 | ... FU80: =+BX80/BO80-1 -> 0.03422711
A81: Cahora-Bassa | B81: =+[3]Total!B81 -> 3 | C81: =+[3]Total!C81 -> 3140 | D81: =+[3]Total!D81 -> 31422 | E81: =+[3]Total!E81 -> 1642 | F81: =+[3]Total!F81 -> 3 | G81: =+[3]Total!G81 -> 2699 | H81: =+[3]Total!H81 -> 21318 | I81: =+[3]Total!I81 -> 1178 | ... DE81: =+[3]Total!DE81 -> 390 | DH81: =+K81/B81-1 -> 0.33333333 | DI81: =+L81/C81-1 -> 0.088853503 | DJ81: =+M81/D81-1 -> 0.055661638 | DK81: =+N81/E81-1 -> 0.063337393 | DL81: =+O81/F81-1 -> 0 | DM81: =+P81/G81-1 -> 0.06632086 | DN81: =+Q81/H81-1 -> 0.076508115 | DO81: =+R81/I81-1 -> 0.13327674 | ... FU81: =+BX81/BO81-1 -> 0.0053050398
A82: Changara | B82: =+[3]Total!B82 -> 1 | C82: =+[3]Total!C82 -> 3327 | D82: =+[3]Total!D82 -> 25314 | E82: =+[3]Total!E82 -> 1426 | F82: =+[3]Total!F82 -> 3 | G82: =+[3]Total!G82 -> 2252 | H82: =+[3]Total!H82 -> 14746 | I82: =+[3]Total!I82 -> 995 | ... DE82: =+[3]Total!DE82 -> 572 | DH82: =+K82/B82-1 -> 3 | DI82: =+L82/C82-1 -> 0.055004509 | DJ82: =+M82/D82-1 -> 0.056450976 | DK82: =+N82/E82-1 -> 0.050490884 | DL82: =+O82/F82-1 -> 0 | DM82: =+P82/G82-1 -> 0.065719361 | DN82: =+Q82/H82-1 -> 0.092567476 | DO82: =+R82/I82-1 -> 0.17487437 | ... FU82: =+BX82/BO82-1 -> 0.016757055
A83: Chifunde | B83: =+[3]Total!B83 -> 2 | C83: =+[3]Total!C83 -> 605 | D83: =+[3]Total!D83 -> 5681 | E83: =+[3]Total!E83 -> 258 | F83: =+[3]Total!F83 -> 0 | G83: =+[3]Total!G83 -> 528 | H83: =+[3]Total!H83 -> 3451 | I83: =+[3]Total!I83 -> 111 | ... DE83: =+[3]Total!DE83 -> 6 | DH83: =+K83/B83-1 -> 0 | DI83: =+L83/C83-1 -> 0.19008264 | DJ83: =+M83/D83-1 -> 0.1020947 | DK83: =+N83/E83-1 -> 0.10077519 | DL83: =+O83/F83-1 -> #DIV/0! | DM83: =+P83/G83-1 -> 0.15909091 | DN83: =+Q83/H83-1 -> 0.14546508 | DO83: =+R83/I83-1 -> 0.62162162 | ... FU83: =+BX83/BO83-1 -> 0.021837349
A84: Chiuta | B84: =+[3]Total!B84 -> 0 | C84: =+[3]Total!C84 -> 804 | D84: =+[3]Total!D84 -> 6723 | E84: =+[3]Total!E84 -> 371 | F84: =+[3]Total!F84 -> 0 | G84: =+[3]Total!G84 -> 748 | H84: =+[3]Total!H84 -> 4578 | I84: =+[3]Total!I84 -> 181 | ... DE84: =+[3]Total!DE84 -> 4 | DH84: =+K84/B84-1 -> #DIV/0! | DI84: =+L84/C84-1 -> 0.098258706 | DJ84: =+M84/D84-1 -> 0.061728395 | DK84: =+N84/E84-1 -> 0.029649596 | DL84: =+O84/F84-1 -> #DIV/0! | DM84: =+P84/G84-1 -> 0.093582888 | DN84: =+Q84/H84-1 -> 0.096985583 | DO84: =+R84/I84-1 -> 0.33149171 | ... FU84: =+BX84/BO84-1 -> 0.0069853744
A85: Macanga | B85: =+[3]Total!B85 -> 0 | C85: =+[3]Total!C85 -> 1577 | D85: =+[3]Total!D85 -> 12514 | E85: =+[3]Total!E85 -> 623 | F85: =+[3]Total!F85 -> 1 | G85: =+[3]Total!G85 -> 1336 | H85: =+[3]Total!H85 -> 7406 | I85: =+[3]Total!I85 -> 393 | ... DE85: =+[3]Total!DE85 -> 12 | DH85: =+K85/B85-1 -> #DIV/0! | DI85: =+L85/C85-1 -> 0.11667724 | DJ85: =+M85/D85-1 -> 0.10532204 | DK85: =+N85/E85-1 -> 0.091492777 | DL85: =+O85/F85-1 -> -1 | DM85: =+P85/G85-1 -> 0.14670659 | DN85: =+Q85/H85-1 -> 0.17566838 | DO85: =+R85/I85-1 -> 0.35114504 | ... FU85: =+BX85/BO85-1 -> 0.025324875
A86: Mágoe | B86: =+[3]Total!B86 -> 1 | C86: =+[3]Total!C86 -> 1018 | D86: =+[3]Total!D86 -> 8881 | E86: =+[3]Total!E86 -> 468 | F86: =+[3]Total!F86 -> 0 | G86: =+[3]Total!G86 -> 912 | H86: =+[3]Total!H86 -> 5615 | I86: =+[3]Total!I86 -> 375 | ... DE86: =+[3]Total!DE86 -> 14 | DH86: =+K86/B86-1 -> 2 | DI86: =+L86/C86-1 -> 0.12180747 | DJ86: =+M86/D86-1 -> 0.089629546 | DK86: =+N86/E86-1 -> 0.014957265 | DL86: =+O86/F86-1 -> #DIV/0! | DM86: =+P86/G86-1 -> 0.083333333 | DN86: =+Q86/H86-1 -> 0.13588602 | DO86: =+R86/I86-1 -> 0.12 | ... FU86: =+BX86/BO86-1 -> 0.019464909
A87: Maravia | B87: =+[3]Total!B87 -> 0 | C87: =+[3]Total!C87 -> 328 | D87: =+[3]Total!D87 -> 3094 | E87: =+[3]Total!E87 -> 163 | F87: =+[3]Total!F87 -> 0 | G87: =+[3]Total!G87 -> 232 | H87: =+[3]Total!H87 -> 1754 | I87: =+[3]Total!I87 -> 96 | ... DE87: =+[3]Total!DE87 -> 5 | DH87: =+K87/B87-1 -> #DIV/0! | DI87: =+L87/C87-1 -> 0.16158537 | DJ87: =+M87/D87-1 -> 0.062702004 | DK87: =+N87/E87-1 -> 0.049079755 | DL87: =+O87/F87-1 -> #DIV/0! | DM87: =+P87/G87-1 -> 0.14224138 | DN87: =+Q87/H87-1 -> 0.091790194 | DO87: =+R87/I87-1 -> 0.0625 | ... FU87: =+BX87/BO87-1 -> 0.055526177
A88: Moatize | B88: =+[3]Total!B88 -> 2 | C88: =+[3]Total!C88 -> 7109 | D88: =+[3]Total!D88 -> 74236 | E88: =+[3]Total!E88 -> 3959 | F88: =+[3]Total!F88 -> 2 | G88: =+[3]Total!G88 -> 5155 | H88: =+[3]Total!H88 -> 49260 | I88: =+[3]Total!I88 -> 2856 | ... DE88: =+[3]Total!DE88 -> 99 | DH88: =+K88/B88-1 -> 1 | DI88: =+L88/C88-1 -> 0.11590941 | DJ88: =+M88/D88-1 -> 0.039455251 | DK88: =+N88/E88-1 -> 0.052033342 | DL88: =+O88/F88-1 -> 0.5 | DM88: =+P88/G88-1 -> 0.093501455 | DN88: =+Q88/H88-1 -> 0.039403167 | DO88: =+R88/I88-1 -> 0.076680672 | ... FU88: =+BX88/BO88-1 -> 0.014497236
A89: Mutarara | B89: =+[3]Total!B89 -> 1 | C89: =+[3]Total!C89 -> 1840 | D89: =+[3]Total!D89 -> 17719 | E89: =+[3]Total!E89 -> 1125 | F89: =+[3]Total!F89 -> 1 | G89: =+[3]Total!G89 -> 1121 | H89: =+[3]Total!H89 -> 8202 | I89: =+[3]Total!I89 -> 617 | ... DE89: =+[3]Total!DE89 -> 9 | DH89: =+K89/B89-1 -> 0 | DI89: =+L89/C89-1 -> 0.094565217 | DJ89: =+M89/D89-1 -> 0.031886675 | DK89: =+N89/E89-1 -> -0.0026666667 | DL89: =+O89/F89-1 -> 1 | DM89: =+P89/G89-1 -> 0.17930419 | DN89: =+Q89/H89-1 -> 0.12338454 | DO89: =+R89/I89-1 -> 0.21069692 | ... FU89: =+BX89/BO89-1 -> 0.013052596
A90: Tsangano | B90: =+[3]Total!B90 -> 1 | C90: =+[3]Total!C90 -> 899 | D90: =+[3]Total!D90 -> 8614 | E90: =+[3]Total!E90 -> 456 | F90: =+[3]Total!F90 -> 0 | G90: =+[3]Total!G90 -> 772 | H90: =+[3]Total!H90 -> 5561 | I90: =+[3]Total!I90 -> 312 | ... DE90: =+[3]Total!DE90 -> 1 | DH90: =+K90/B90-1 -> -1 | DI90: =+L90/C90-1 -> 0.20689655 | DJ90: =+M90/D90-1 -> 0.15939169 | DK90: =+N90/E90-1 -> 0.10526316 | DL90: =+O90/F90-1 -> #DIV/0! | DM90: =+P90/G90-1 -> 0.32772021 | DN90: =+Q90/H90-1 -> 0.24851645 | DO90: =+R90/I90-1 -> 0.47115385 | ... FU90: =+BX90/BO90-1 -> 0.019847328
... A93: Marara | B93: =+[3]Total!B93 -> 0 | C93: =+[3]Total!C93 -> 1774 | D93: =+[3]Total!D93 -> 18918 | E93: =+[3]Total!E93 -> 1002 | F93: =+[3]Total!F93 -> 1 | G93: =+[3]Total!G93 -> 984 | H93: =+[3]Total!H93 -> 8963 | I93: =+[3]Total!I93 -> 667 | ... DE93: =+[3]Total!DE93 -> 130 | DH93: =+K93/B93-1 -> #DIV/0! | DI93: =+L93/C93-1 -> 0.0045095829 | DJ93: =+M93/D93-1 -> 0.048789513 | DK93: =+N93/E93-1 -> 0.053892216 | DL93: =+O93/F93-1 -> 2 | DM93: =+P93/G93-1 -> 0.071138211 | DN93: =+Q93/H93-1 -> 0.065714604 | DO93: =+R93/I93-1 -> 0.083958021 | ... FU93: =+BX93/BO93-1 -> 0.011957853
B94: =+[3]Total!B94 -> 0 | C94: =+[3]Total!C94 -> 0 | D94: =+[3]Total!D94 -> 0 | E94: =+[3]Total!E94 -> 0 | F94: =+[3]Total!F94 -> 0 | G94: =+[3]Total!G94 -> 0 | H94: =+[3]Total!H94 -> 0 | I94: =+[3]Total!I94 -> 0 | ... DE94: =+[3]Total!DE94 -> 0 | DH94: =+K94/B94-1 -> #DIV/0! | DI94: =+L94/C94-1 -> #DIV/0! | DJ94: =+M94/D94-1 -> #DIV/0! | DK94: =+N94/E94-1 -> #DIV/0! | DL94: =+O94/F94-1 -> #DIV/0! | DM94: =+P94/G94-1 -> #DIV/0! | DN94: =+Q94/H94-1 -> #DIV/0! | DO94: =+R94/I94-1 -> #DIV/0! | ... FU94: =+BX94/BO94-1 -> #DIV/0!
A95: Zambézia | B95: =SUM(B96:B117) -> 38 | C95: =SUM(C96:C117) -> 83959 | D95: =SUM(D96:D117) -> 668680 | E95: =SUM(E96:E117) -> 35223 | F95: =SUM(F96:F117) -> 23 | G95: =SUM(G96:G117) -> 68472 | H95: =SUM(H96:H117) -> 498984 | I95: =SUM(I96:I117) -> 27616 | ... DE95: =SUM(DE96:DE117) -> 494 | DH95: =+K95/B95-1 -> 0.34210526 | DI95: =+L95/C95-1 -> 0.052632833 | DJ95: =+M95/D95-1 -> 0.038967817 | DK95: =+N95/E95-1 -> 0.034380944 | DL95: =+O95/F95-1 -> 0.39130435 | DM95: =+P95/G95-1 -> 0.078674495 | DN95: =+Q95/H95-1 -> 0.061703381 | DO95: =+R95/I95-1 -> 0.12949015 | ... FU95: =+BX95/BO95-1 -> 0.010077949
A96: Cidade de Quelimane | B96: =+[3]Total!B96 -> 10 | C96: =+[3]Total!C96 -> 21557 | D96: =+[3]Total!D96 -> 142635 | E96: =+[3]Total!E96 -> 9038 | F96: =+[3]Total!F96 -> 9 | G96: =+[3]Total!G96 -> 18186 | H96: =+[3]Total!H96 -> 137543 | I96: =+[3]Total!I96 -> 8889 | ... DE96: =+[3]Total!DE96 -> 228 | DH96: =+K96/B96-1 -> 0.3 | DI96: =+L96/C96-1 -> 0.023982929 | DJ96: =+M96/D96-1 -> 0.022203526 | DK96: =+N96/E96-1 -> 0.0038725382 | DL96: =+O96/F96-1 -> -0.11111111 | DM96: =+P96/G96-1 -> 0.042945123 | DN96: =+Q96/H96-1 -> 0.017049214 | DO96: =+R96/I96-1 -> 0.029924626 | ... FU96: =+BX96/BO96-1 -> -0.0050028635
A97: Alto Molócuè | B97: =+[3]Total!B97 -> 0 | C97: =+[3]Total!C97 -> 4830 | D97: =+[3]Total!D97 -> 40865 | E97: =+[3]Total!E97 -> 1901 | F97: =+[3]Total!F97 -> 1 | G97: =+[3]Total!G97 -> 3993 | H97: =+[3]Total!H97 -> 29172 | I97: =+[3]Total!I97 -> 1480 | ... DE97: =+[3]Total!DE97 -> 18 | DH97: =+K97/B97-1 -> #DIV/0! | DI97: =+L97/C97-1 -> 0.062939959 | DJ97: =+M97/D97-1 -> 0.031493943 | DK97: =+N97/E97-1 -> 0.02945818 | DL97: =+O97/F97-1 -> 1 | DM97: =+P97/G97-1 -> 0.069872276 | DN97: =+Q97/H97-1 -> 0.054812834 | DO97: =+R97/I97-1 -> 0.11554054 | ... FU97: =+BX97/BO97-1 -> 0.016721107
A98: Chinde | B98: =+[3]Total!B98 -> 2 | C98: =+[3]Total!C98 -> 808 | D98: =+[3]Total!D98 -> 7942 | E98: =+[3]Total!E98 -> 389 | F98: =+[3]Total!F98 -> 0 | G98: =+[3]Total!G98 -> 477 | H98: =+[3]Total!H98 -> 4086 | I98: =+[3]Total!I98 -> 182 | ... DE98: =+[3]Total!DE98 -> 4 | DH98: =+K98/B98-1 -> 0 | DI98: =+L98/C98-1 -> 0.11138614 | DJ98: =+M98/D98-1 -> 0.076555024 | DK98: =+N98/E98-1 -> 0.06940874 | DL98: =+O98/F98-1 -> #DIV/0! | DM98: =+P98/G98-1 -> 0.16561845 | DN98: =+Q98/H98-1 -> 0.11820852 | DO98: =+R98/I98-1 -> 0.25274725 | ... FU98: =+BX98/BO98-1 -> 0.0048442145
A99: Gurúè | B99: =+[3]Total!B99 -> 1 | C99: =+[3]Total!C99 -> 5955 | D99: =+[3]Total!D99 -> 54740 | E99: =+[3]Total!E99 -> 2598 | F99: =+[3]Total!F99 -> 0 | G99: =+[3]Total!G99 -> 4736 | H99: =+[3]Total!H99 -> 35546 | I99: =+[3]Total!I99 -> 1724 | ... DE99: =+[3]Total!DE99 -> 26 | DH99: =+K99/B99-1 -> 2 | DI99: =+L99/C99-1 -> 0.063979849 | DJ99: =+M99/D99-1 -> 0.059937888 | DK99: =+N99/E99-1 -> 0.11200924 | DL99: =+O99/F99-1 -> #DIV/0! | DM99: =+P99/G99-1 -> 0.079603041 | DN99: =+Q99/H99-1 -> 0.16719181 | DO99: =+R99/I99-1 -> 0.44315545 | ... FU99: =+BX99/BO99-1 -> 0.0051693086
A100: Ile | B100: =+[3]Total!B100 -> 1 | C100: =+[3]Total!C100 -> 2692 | D100: =+[3]Total!D100 -> 26103 | E100: =+[3]Total!E100 -> 1068 | F100: =+[3]Total!F100 -> 0 | G100: =+[3]Total!G100 -> 1798 | H100: =+[3]Total!H100 -> 12905 | I100: =+[3]Total!I100 -> 586 | ... DE100: =+[3]Total!DE100 -> 6 | DH100: =+K100/B100-1 -> 1 | DI100: =+L100/C100-1 -> 0.026002972 | DJ100: =+M100/D100-1 -> 0.017277708 | DK100: =+N100/E100-1 -> 0.024344569 | DL100: =+O100/F100-1 -> #DIV/0! | DM100: =+P100/G100-1 -> 0.14516129 | DN100: =+Q100/H100-1 -> 0.069662921 | DO100: =+R100/I100-1 -> 0.16211604 | ... FU100: =+BX100/BO100-1 -> 0.029588446
A101: Inhassunge | B101: =+[3]Total!B101 -> 0 | C101: =+[3]Total!C101 -> 1086 | D101: =+[3]Total!D101 -> 8454 | E101: =+[3]Total!E101 -> 442 | F101: =+[3]Total!F101 -> 0 | G101: =+[3]Total!G101 -> 520 | H101: =+[3]Total!H101 -> 5163 | I101: =+[3]Total!I101 -> 287 | ... DE101: =+[3]Total!DE101 -> 2 | DH101: =+K101/B101-1 -> #DIV/0! | DI101: =+L101/C101-1 -> 0.090239411 | DJ101: =+M101/D101-1 -> 0.024603738 | DK101: =+N101/E101-1 -> 0.090497738 | DL101: =+O101/F101-1 -> #DIV/0! | DM101: =+P101/G101-1 -> 0.12115385 | DN101: =+Q101/H101-1 -> 0.066046872 | DO101: =+R101/I101-1 -> 0.14285714 | ... FU101: =+BX101/BO101-1 -> 0.018596344
A102: Lugela | B102: =+[3]Total!B102 -> 1 | C102: =+[3]Total!C102 -> 1315 | D102: =+[3]Total!D102 -> 11875 | E102: =+[3]Total!E102 -> 706 | F102: =+[3]Total!F102 -> 1 | G102: =+[3]Total!G102 -> 1171 | H102: =+[3]Total!H102 -> 8059 | I102: =+[3]Total!I102 -> 471 | ... DE102: =+[3]Total!DE102 -> 3 | DH102: =+K102/B102-1 -> 0 | DI102: =+L102/C102-1 -> 0.057794677 | DJ102: =+M102/D102-1 -> 0.042189474 | DK102: =+N102/E102-1 -> 0.029745042 | DL102: =+O102/F102-1 -> 0 | DM102: =+P102/G102-1 -> 0.16140051 | DN102: =+Q102/H102-1 -> 0.087107582 | DO102: =+R102/I102-1 -> 0.30785563 | ... FU102: =+BX102/BO102-1 -> 0.031655887
A103: Gilé | B103: =+[3]Total!B103 -> 0 | C103: =+[3]Total!C103 -> 3456 | D103: =+[3]Total!D103 -> 24798 | E103: =+[3]Total!E103 -> 1031 | F103: =+[3]Total!F103 -> 1 | G103: =+[3]Total!G103 -> 2943 | H103: =+[3]Total!H103 -> 15489 | I103: =+[3]Total!I103 -> 595 | ... DE103: =+[3]Total!DE103 -> 10 | DH103: =+K103/B103-1 -> #DIV/0! | DI103: =+L103/C103-1 -> -0.073784722 | DJ103: =+M103/D103-1 -> 0.037140092 | DK103: =+N103/E103-1 -> 0.03685742 | DL103: =+O103/F103-1 -> 2 | DM103: =+P103/G103-1 -> -0.0088345226 | DN103: =+Q103/H103-1 -> 0.045387049 | DO103: =+R103/I103-1 -> 0.21008403 | ... FU103: =+BX103/BO103-1 -> 0.0046433357
A104: Maganja da Costa | B104: =+[3]Total!B104 -> 0 | C104: =+[3]Total!C104 -> 2879 | D104: =+[3]Total!D104 -> 23230 | E104: =+[3]Total!E104 -> 1067 | F104: =+[3]Total!F104 -> 0 | G104: =+[3]Total!G104 -> 2035 | H104: =+[3]Total!H104 -> 15703 | I104: =+[3]Total!I104 -> 759 | ... DE104: =+[3]Total!DE104 -> 13 | DH104: =+K104/B104-1 -> #DIV/0! | DI104: =+L104/C104-1 -> 0.086141021 | DJ104: =+M104/D104-1 -> 0.041282824 | DK104: =+N104/E104-1 -> 0.06841612 | DL104: =+O104/F104-1 -> #DIV/0! | DM104: =+P104/G104-1 -> 0.12972973 | DN104: =+Q104/H104-1 -> 0.10367446 | DO104: =+R104/I104-1 -> 0.23188406 | ... FU104: =+BX104/BO104-1 -> -0.0009720779
...

Sheet Agentes 2023
A1: TABELA 12: Distribuição de clientes por distritos
A2: Ano: 2023 | B2: Jan | C2: Fev | D2: Mar | E2: Abr | F2: Mai | G2: Jun | H2: Jul | I2: Ago | J2: Set | K2: Out | L2: Nov | M2: Dez
A3: Província de Maputo | B3: =SUM(B4:B13) -> 64862 | C3: =SUM(C4:C13) -> 65208 | D3: =SUM(D4:D13) -> 67163 | E3: =SUM(E4:E13) -> 65943 | F3: =SUM(F4:F13) -> 71413 | G3: =SUM(G4:G13) -> 73109 | H3: =SUM(H4:H13) -> 70153 | I3: =SUM(I4:I13) -> 72442 | ... M3: =SUM(M4:M13) -> 75421
A4: Cidade de Maputo | B4: =+[4]Total!B4 -> 33159 | C4: =+[4]Total!C4 -> 33185 | D4: =+[4]Total!D4 -> 33950 | E4: =+[4]Total!E4 -> 31011 | F4: =+[4]Total!F4 -> 35280 | G4: =+[4]Total!G4 -> 35839 | H4: =+[4]Total!H4 -> 32681 | I4: =+[4]Total!I4 -> 33620 | ... M4: =+[4]Total!M4 -> 34634
A5: Cidade da Matola | B5: =+[4]Total!B5 -> 21513 | C5: =+[4]Total!C5 -> 21728 | D5: =+[4]Total!D5 -> 22032 | E5: =+[4]Total!E5 -> 22841 | F5: =+[4]Total!F5 -> 23729 | G5: =+[4]Total!G5 -> 24332 | H5: =+[4]Total!H5 -> 24390 | I5: =+[4]Total!I5 -> 25306 | ... M5: =+[4]Total!M5 -> 24787
A6: Boane | B6: =+[4]Total!B6 -> 2915 | C6: =+[4]Total!C6 -> 2917 | D6: =+[4]Total!D6 -> 3153 | E6: =+[4]Total!E6 -> 3329 | F6: =+[4]Total!F6 -> 3437 | G6: =+[4]Total!G6 -> 3541 | H6: =+[4]Total!H6 -> 3636 | I6: =+[4]Total!I6 -> 3717 | ... M6: =+[4]Total!M6 -> 3641
A7: Magude | B7: =+[4]Total!B7 -> 271 | C7: =+[4]Total!C7 -> 277 | D7: =+[4]Total!D7 -> 283 | E7: =+[4]Total!E7 -> 308 | F7: =+[4]Total!F7 -> 323 | G7: =+[4]Total!G7 -> 347 | H7: =+[4]Total!H7 -> 346 | I7: =+[4]Total!I7 -> 372 | ... M7: =+[4]Total!M7 -> 572
A8: Manhiça | B8: =+[4]Total!B8 -> 1750 | C8: =+[4]Total!C8 -> 1746 | D8: =+[4]Total!D8 -> 1863 | E8: =+[4]Total!E8 -> 1879 | F8: =+[4]Total!F8 -> 1916 | G8: =+[4]Total!G8 -> 1945 | H8: =+[4]Total!H8 -> 1962 | I8: =+[4]Total!I8 -> 2053 | ... M8: =+[4]Total!M8 -> 2093
A9: Marracuene | B9: =+[4]Total!B9 -> 3739 | C9: =+[4]Total!C9 -> 3761 | D9: =+[4]Total!D9 -> 4266 | E9: =+[4]Total!E9 -> 4824 | F9: =+[4]Total!F9 -> 4956 | G9: =+[4]Total!G9 -> 5257 | H9: =+[4]Total!H9 -> 5283 | I9: =+[4]Total!I9 -> 5465 | ... M9: =+[4]Total!M9 -> 7738
A10: Matutuíne | B10: =+[4]Total!B10 -> 349 | C10: =+[4]Total!C10 -> 348 | D10: =+[4]Total!D10 -> 357 | E10: =+[4]Total!E10 -> 378 | F10: =+[4]Total!F10 -> 398 | G10: =+[4]Total!G10 -> 407 | H10: =+[4]Total!H10 -> 409 | I10: =+[4]Total!I10 -> 424 | ... M10: =+[4]Total!M10 -> 395
A11: Namaacha | B11: =+[4]Total!B11 -> 271 | C11: =+[4]Total!C11 -> 283 | D11: =+[4]Total!D11 -> 285 | E11: =+[4]Total!E11 -> 311 | F11: =+[4]Total!F11 -> 310 | G11: =+[4]Total!G11 -> 319 | H11: =+[4]Total!H11 -> 309 | I11: =+[4]Total!I11 -> 308 | ... M11: =+[4]Total!M11 -> 318
A12: Moamba | B12: =+[4]Total!B12 -> 895 | C12: =+[4]Total!C12 -> 963 | D12: =+[4]Total!D12 -> 974 | E12: =+[4]Total!E12 -> 1062 | F12: =+[4]Total!F12 -> 1064 | G12: =+[4]Total!G12 -> 1122 | H12: =+[4]Total!H12 -> 1137 | I12: =+[4]Total!I12 -> 1177 | ... M12: =+[4]Total!M12 -> 1243
B13: =+[4]Total!B13 -> 0 | C13: =+[4]Total!C13 -> 0 | D13: =+[4]Total!D13 -> 0 | E13: =+[4]Total!E13 -> 0 | F13: =+[4]Total!F13 -> 0 | G13: =+[4]Total!G13 -> 0 | H13: =+[4]Total!H13 -> 0 | I13: =+[4]Total!I13 -> 0 | ... M13: =+[4]Total!M13 -> 0
A14: Gaza | B14: =SUM(B15:B29) -> 8301 | C14: =SUM(C15:C29) -> 8356 | D14: =SUM(D15:D29) -> 8416 | E14: =SUM(E15:E29) -> 8818 | F14: =SUM(F15:F29) -> 9131 | G14: =SUM(G15:G29) -> 9431 | H14: =SUM(H15:H29) -> 9494 | I14: =SUM(I15:I29) -> 9809 | ... M14: =SUM(M15:M29) -> 11741
A15: Cidade de Xai-Xai | B15: =+[4]Total!B15 -> 2470 | C15: =+[4]Total!C15 -> 2564 | D15: =+[4]Total!D15 -> 2526 | E15: =+[4]Total!E15 -> 2618 | F15: =+[4]Total!F15 -> 2749 | G15: =+[4]Total!G15 -> 2812 | H15: =+[4]Total!H15 -> 2839 | I15: =+[4]Total!I15 -> 2971 | ... M15: =+[4]Total!M15 -> 3633
A16: Bilene-Macia | B16: =+[4]Total!B16 -> 1190 | C16: =+[4]Total!C16 -> 1218 | D16: =+[4]Total!D16 -> 1187 | E16: =+[4]Total!E16 -> 1229 | F16: =+[4]Total!F16 -> 1249 | G16: =+[4]Total!G16 -> 1279 | H16: =+[4]Total!H16 -> 1299 | I16: =+[4]Total!I16 -> 1325 | ... M16: =+[4]Total!M16 -> 1450
A17: Chibuto | B17: =+[4]Total!B17 -> 788 | C17: =+[4]Total!C17 -> 795 | D17: =+[4]Total!D17 -> 811 | E17: =+[4]Total!E17 -> 825 | F17: =+[4]Total!F17 -> 874 | G17: =+[4]Total!G17 -> 902 | H17: =+[4]Total!H17 -> 909 | I17: =+[4]Total!I17 -> 925 | ... M17: =+[4]Total!M17 -> 1098
A18: Chicualacuala | B18: =+[4]Total!B18 -> 176 | C18: =+[4]Total!C18 -> 175 | D18: =+[4]Total!D18 -> 172 | E18: =+[4]Total!E18 -> 190 | F18: =+[4]Total!F18 -> 216 | G18: =+[4]Total!G18 -> 201 | H18: =+[4]Total!H18 -> 197 | I18: =+[4]Total!I18 -> 203 | ... M18: =+[4]Total!M18 -> 240
A19: Chigubo | B19: =+[4]Total!B19 -> 67 | C19: =+[4]Total!C19 -> 57 | D19: =+[4]Total!D19 -> 62 | E19: =+[4]Total!E19 -> 74 | F19: =+[4]Total!F19 -> 70 | G19: =+[4]Total!G19 -> 70 | H19: =+[4]Total!H19 -> 81 | I19: =+[4]Total!I19 -> 73 | ... M19: =+[4]Total!M19 -> 64
A20: Chókwè | B20: =+[4]Total!B20 -> 1037 | C20: =+[4]Total!C20 -> 1024 | D20: =+[4]Total!D20 -> 1064 | E20: =+[4]Total!E20 -> 1105 | F20: =+[4]Total!F20 -> 1152 | G20: =+[4]Total!G20 -> 1206 | H20: =+[4]Total!H20 -> 1214 | I20: =+[4]Total!I20 -> 1279 | ... M20: =+[4]Total!M20 -> 1451
A21: Guijá | B21: =+[4]Total!B21 -> 195 | C21: =+[4]Total!C21 -> 183 | D21: =+[4]Total!D21 -> 177 | E21: =+[4]Total!E21 -> 182 | F21: =+[4]Total!F21 -> 194 | G21: =+[4]Total!G21 -> 201 | H21: =+[4]Total!H21 -> 204 | I21: =+[4]Total!I21 -> 203 | ... M21: =+[4]Total!M21 -> 212
A22: Mabalane | B22: =+[4]Total!B22 -> 153 | C22: =+[4]Total!C22 -> 167 | D22: =+[4]Total!D22 -> 163 | E22: =+[4]Total!E22 -> 164 | F22: =+[4]Total!F22 -> 189 | G22: =+[4]Total!G22 -> 180 | H22: =+[4]Total!H22 -> 180 | I22: =+[4]Total!I22 -> 174 | ... M22: =+[4]Total!M22 -> 244
A23: Manjacaze | B23: =+[4]Total!B23 -> 763 | C23: =+[4]Total!C23 -> 733 | D23: =+[4]Total!D23 -> 721 | E23: =+[4]Total!E23 -> 782 | F23: =+[4]Total!F23 -> 782 | G23: =+[4]Total!G23 -> 820 | H23: =+[4]Total!H23 -> 808 | I23: =+[4]Total!I23 -> 834 | ... M23: =+[4]Total!M23 -> 1019
A24: Massangena | B24: =+[4]Total!B24 -> 125 | C24: =+[4]Total!C24 -> 120 | D24: =+[4]Total!D24 -> 118 | E24: =+[4]Total!E24 -> 131 | F24: =+[4]Total!F24 -> 118 | G24: =+[4]Total!G24 -> 129 | H24: =+[4]Total!H24 -> 126 | I24: =+[4]Total!I24 -> 128 | ... M24: =+[4]Total!M24 -> 177
A25: Massingir | B25: =+[4]Total!B25 -> 151 | C25: =+[4]Total!C25 -> 149 | D25: =+[4]Total!D25 -> 133 | E25: =+[4]Total!E25 -> 146 | F25: =+[4]Total!F25 -> 149 | G25: =+[4]Total!G25 -> 155 | H25: =+[4]Total!H25 -> 155 | I25: =+[4]Total!I25 -> 149 | ... M25: =+[4]Total!M25 -> 203
A26: Chonguene | B26: =+[4]Total!B26 -> 546 | C26: =+[4]Total!C26 -> 524 | D26: =+[4]Total!D26 -> 636 | E26: =+[4]Total!E26 -> 695 | F26: =+[4]Total!F26 -> 706 | G26: =+[4]Total!G26 -> 745 | H26: =+[4]Total!H26 -> 751 | I26: =+[4]Total!I26 -> 784 | ... M26: =+[4]Total!M26 -> 691
... A28: Limpopo | B28: =+[4]Total!B28 -> 429 | C28: =+[4]Total!C28 -> 429 | D28: =+[4]Total!D28 -> 435 | E28: =+[4]Total!E28 -> 458 | F28: =+[4]Total!F28 -> 470 | G28: =+[4]Total!G28 -> 506 | H28: =+[4]Total!H28 -> 497 | I28: =+[4]Total!I28 -> 524 | ... M28: =+[4]Total!M28 -> 887
B29: =+[4]Total!B29 -> 0 | C29: =+[4]Total!C29 -> 0 | D29: =+[4]Total!D29 -> 0 | E29: =+[4]Total!E29 -> 0 | F29: =+[4]Total!F29 -> 0 | G29: =+[4]Total!G29 -> 0 | H29: =+[4]Total!H29 -> 0 | I29: =+[4]Total!I29 -> 0 | ... M29: =+[4]Total!M29 -> 0
A30: Inhambane | B30: =SUM(B31:B45) -> 9798 | C30: =SUM(C31:C45) -> 9614 | D30: =SUM(D31:D45) -> 9804 | E30: =SUM(E31:E45) -> 10313 | F30: =SUM(F31:F45) -> 10745 | G30: =SUM(G31:G45) -> 11169 | H30: =SUM(H31:H45) -> 11217 | I30: =SUM(I31:I45) -> 11750 | ... M30: =SUM(M31:M45) -> 14284
A31: Cidade de Inhambane | B31: =+[4]Total!B31 -> 1454 | C31: =+[4]Total!C31 -> 1469 | D31: =+[4]Total!D31 -> 1490 | E31: =+[4]Total!E31 -> 1576 | F31: =+[4]Total!F31 -> 1636 | G31: =+[4]Total!G31 -> 1649 | H31: =+[4]Total!H31 -> 1651 | I31: =+[4]Total!I31 -> 1731 | ... M31: =+[4]Total!M31 -> 1786
A32: Cidade de Maxixe | B32: =+[4]Total!B32 -> 1765 | C32: =+[4]Total!C32 -> 1799 | D32: =+[4]Total!D32 -> 1792 | E32: =+[4]Total!E32 -> 1875 | F32: =+[4]Total!F32 -> 1962 | G32: =+[4]Total!G32 -> 2048 | H32: =+[4]Total!H32 -> 2074 | I32: =+[4]Total!I32 -> 2162 | ... M32: =+[4]Total!M32 -> 2624
A33: Funhaloro | B33: =+[4]Total!B33 -> 155 | C33: =+[4]Total!C33 -> 142 | D33: =+[4]Total!D33 -> 153 | E33: =+[4]Total!E33 -> 166 | F33: =+[4]Total!F33 -> 181 | G33: =+[4]Total!G33 -> 185 | H33: =+[4]Total!H33 -> 188 | I33: =+[4]Total!I33 -> 205 | ... M33: =+[4]Total!M33 -> 251
A34: Govuro | B34: =+[4]Total!B34 -> 230 | C34: =+[4]Total!C34 -> 203 | D34: =+[4]Total!D34 -> 243 | E34: =+[4]Total!E34 -> 255 | F34: =+[4]Total!F34 -> 282 | G34: =+[4]Total!G34 -> 308 | H34: =+[4]Total!H34 -> 303 | I34: =+[4]Total!I34 -> 325 | ... M34: =+[4]Total!M34 -> 454
A35: Homoine | B35: =+[4]Total!B35 -> 365 | C35: =+[4]Total!C35 -> 355 | D35: =+[4]Total!D35 -> 356 | E35: =+[4]Total!E35 -> 372 | F35: =+[4]Total!F35 -> 391 | G35: =+[4]Total!G35 -> 419 | H35: =+[4]Total!H35 -> 428 | I35: =+[4]Total!I35 -> 454 | ... M35: =+[4]Total!M35 -> 627
A36: Inharrime | B36: =+[4]Total!B36 -> 634 | C36: =+[4]Total!C36 -> 602 | D36: =+[4]Total!D36 -> 631 | E36: =+[4]Total!E36 -> 664 | F36: =+[4]Total!F36 -> 689 | G36: =+[4]Total!G36 -> 713 | H36: =+[4]Total!H36 -> 726 | I36: =+[4]Total!I36 -> 758 | ... M36: =+[4]Total!M36 -> 994
A37: Inhassoro | B37: =+[4]Total!B37 -> 453 | C37: =+[4]Total!C37 -> 461 | D37: =+[4]Total!D37 -> 465 | E37: =+[4]Total!E37 -> 501 | F37: =+[4]Total!F37 -> 528 | G37: =+[4]Total!G37 -> 555 | H37: =+[4]Total!H37 -> 553 | I37: =+[4]Total!I37 -> 546 | ... M37: =+[4]Total!M37 -> 684
A38: Jangamo | B38: =+[4]Total!B38 -> 442 | C38: =+[4]Total!C38 -> 427 | D38: =+[4]Total!D38 -> 452 | E38: =+[4]Total!E38 -> 465 | F38: =+[4]Total!F38 -> 492 | G38: =+[4]Total!G38 -> 511 | H38: =+[4]Total!H38 -> 488 | I38: =+[4]Total!I38 -> 525 | ... M38: =+[4]Total!M38 -> 683
A39: Mabote | B39: =+[4]Total!B39 -> 206 | C39: =+[4]Total!C39 -> 199 | D39: =+[4]Total!D39 -> 206 | E39: =+[4]Total!E39 -> 220 | F39: =+[4]Total!F39 -> 221 | G39: =+[4]Total!G39 -> 240 | H39: =+[4]Total!H39 -> 252 | I39: =+[4]Total!I39 -> 273 | ... M39: =+[4]Total!M39 -> 355
A40: Massinga | B40: =+[4]Total!B40 -> 1367 | C40: =+[4]Total!C40 -> 1345 | D40: =+[4]Total!D40 -> 1321 | E40: =+[4]Total!E40 -> 1387 | F40: =+[4]Total!F40 -> 1436 | G40: =+[4]Total!G40 -> 1493 | H40: =+[4]Total!H40 -> 1518 | I40: =+[4]Total!I40 -> 1574 | ... M40: =+[4]Total!M40 -> 1962
A41: Morrumbene | B41: =+[4]Total!B41 -> 487 | C41: =+[4]Total!C41 -> 453 | D41: =+[4]Total!D41 -> 475 | E41: =+[4]Total!E41 -> 509 | F41: =+[4]Total!F41 -> 509 | G41: =+[4]Total!G41 -> 551 | H41: =+[4]Total!H41 -> 530 | I41: =+[4]Total!I41 -> 569 | ... M41: =+[4]Total!M41 -> 656
A42: Panda | B42: =+[4]Total!B42 -> 191 | C42: =+[4]Total!C42 -> 177 | D42: =+[4]Total!D42 -> 180 | E42: =+[4]Total!E42 -> 188 | F42: =+[4]Total!F42 -> 207 | G42: =+[4]Total!G42 -> 210 | H42: =+[4]Total!H42 -> 221 | I42: =+[4]Total!I42 -> 219 | ... M42: =+[4]Total!M42 -> 266
... A44: Zavala (Quissico) | B44: =+[4]Total!B44 -> 684 | C44: =+[4]Total!C44 -> 650 | D44: =+[4]Total!D44 -> 656 | E44: =+[4]Total!E44 -> 697 | F44: =+[4]Total!F44 -> 713 | G44: =+[4]Total!G44 -> 729 | H44: =+[4]Total!H44 -> 735 | I44: =+[4]Total!I44 -> 756 | ... M44: =+[4]Total!M44 -> 912
B45: =+[4]Total!B45 -> 0 | C45: =+[4]Total!C45 -> 0 | D45: =+[4]Total!D45 -> 0 | E45: =+[4]Total!E45 -> 0 | F45: =+[4]Total!F45 -> 0 | G45: =+[4]Total!G45 -> 0 | H45: =+[4]Total!H45 -> 0 | I45: =+[4]Total!I45 -> 0 | ... M45: =+[4]Total!M45 -> 0
A46: Sofala | B46: =SUM(B47:B60) -> 12222 | C46: =SUM(C47:C60) -> 12543 | D46: =SUM(D47:D60) -> 13111 | E46: =SUM(E47:E60) -> 13899 | F46: =SUM(F47:F60) -> 14652 | G46: =SUM(G47:G60) -> 15346 | H46: =SUM(H47:H60) -> 16140 | I46: =SUM(I47:I60) -> 16862 | ... M46: =SUM(M47:M60) -> 20543
A47: Cidade da Beira | B47: =+[4]Total!B47 -> 8102 | C47: =+[4]Total!C47 -> 8220 | D47: =+[4]Total!D47 -> 8384 | E47: =+[4]Total!E47 -> 8993 | F47: =+[4]Total!F47 -> 9490 | G47: =+[4]Total!G47 -> 9898 | H47: =+[4]Total!H47 -> 10300 | I47: =+[4]Total!I47 -> 10706 | ... M47: =+[4]Total!M47 -> 13116
A48: Buzi | B48: =+[4]Total!B48 -> 274 | C48: =+[4]Total!C48 -> 268 | D48: =+[4]Total!D48 -> 294 | E48: =+[4]Total!E48 -> 322 | F48: =+[4]Total!F48 -> 332 | G48: =+[4]Total!G48 -> 337 | H48: =+[4]Total!H48 -> 373 | I48: =+[4]Total!I48 -> 420 | ... M48: =+[4]Total!M48 -> 351
A49: Caia | B49: =+[4]Total!B49 -> 506 | C49: =+[4]Total!C49 -> 540 | D49: =+[4]Total!D49 -> 591 | E49: =+[4]Total!E49 -> 618 | F49: =+[4]Total!F49 -> 657 | G49: =+[4]Total!G49 -> 695 | H49: =+[4]Total!H49 -> 745 | I49: =+[4]Total!I49 -> 762 | ... M49: =+[4]Total!M49 -> 913
A50: Chemba | B50: =+[4]Total!B50 -> 91 | C50: =+[4]Total!C50 -> 118 | D50: =+[4]Total!D50 -> 155 | E50: =+[4]Total!E50 -> 144 | F50: =+[4]Total!F50 -> 145 | G50: =+[4]Total!G50 -> 161 | H50: =+[4]Total!H50 -> 182 | I50: =+[4]Total!I50 -> 194 | ... M50: =+[4]Total!M50 -> 191
A51: Cheringoma | B51: =+[4]Total!B51 -> 169 | C51: =+[4]Total!C51 -> 136 | D51: =+[4]Total!D51 -> 157 | E51: =+[4]Total!E51 -> 179 | F51: =+[4]Total!F51 -> 173 | G51: =+[4]Total!G51 -> 198 | H51: =+[4]Total!H51 -> 204 | I51: =+[4]Total!I51 -> 185 | ... M51: =+[4]Total!M51 -> 290
A52: Chibabava | B52: =+[4]Total!B52 -> 252 | C52: =+[4]Total!C52 -> 257 | D52: =+[4]Total!D52 -> 301 | E52: =+[4]Total!E52 -> 305 | F52: =+[4]Total!F52 -> 302 | G52: =+[4]Total!G52 -> 320 | H52: =+[4]Total!H52 -> 323 | I52: =+[4]Total!I52 -> 338 | ... M52: =+[4]Total!M52 -> 425
A53: Dondo | B53: =+[4]Total!B53 -> 1219 | C53: =+[4]Total!C53 -> 1219 | D53: =+[4]Total!D53 -> 1246 | E53: =+[4]Total!E53 -> 1338 | F53: =+[4]Total!F53 -> 1422 | G53: =+[4]Total!G53 -> 1482 | H53: =+[4]Total!H53 -> 1575 | I53: =+[4]Total!I53 -> 1670 | ... M53: =+[4]Total!M53 -> 1961
A54: Gorongoza | B54: =+[4]Total!B54 -> 345 | C54: =+[4]Total!C54 -> 336 | D54: =+[4]Total!D54 -> 433 | E54: =+[4]Total!E54 -> 395 | F54: =+[4]Total!F54 -> 440 | G54: =+[4]Total!G54 -> 464 | H54: =+[4]Total!H54 -> 487 | I54: =+[4]Total!I54 -> 550 | ... M54: =+[4]Total!M54 -> 652
A55: Machanga | B55: =+[4]Total!B55 -> 61 | C55: =+[4]Total!C55 -> 99 | D55: =+[4]Total!D55 -> 70 | E55: =+[4]Total!E55 -> 78 | F55: =+[4]Total!F55 -> 83 | G55: =+[4]Total!G55 -> 82 | H55: =+[4]Total!H55 -> 86 | I55: =+[4]Total!I55 -> 92 | ... M55: =+[4]Total!M55 -> 58
A56: Maringue | B56: =+[4]Total!B56 -> 223 | C56: =+[4]Total!C56 -> 231 | D56: =+[4]Total!D56 -> 245 | E56: =+[4]Total!E56 -> 270 | F56: =+[4]Total!F56 -> 300 | G56: =+[4]Total!G56 -> 339 | H56: =+[4]Total!H56 -> 372 | I56: =+[4]Total!I56 -> 374 | ... M56: =+[4]Total!M56 -> 411
A57: Marromeu | B57: =+[4]Total!B57 -> 293 | C57: =+[4]Total!C57 -> 311 | D57: =+[4]Total!D57 -> 326 | E57: =+[4]Total!E57 -> 353 | F57: =+[4]Total!F57 -> 384 | G57: =+[4]Total!G57 -> 398 | H57: =+[4]Total!H57 -> 433 | I57: =+[4]Total!I57 -> 447 | ... M57: =+[4]Total!M57 -> 589
A58: Muanza | B58: =+[4]Total!B58 -> 47 | C58: =+[4]Total!C58 -> 56 | D58: =+[4]Total!D58 -> 64 | E58: =+[4]Total!E58 -> 77 | F58: =+[4]Total!F58 -> 89 | G58: =+[4]Total!G58 -> 101 | H58: =+[4]Total!H58 -> 111 | I58: =+[4]Total!I58 -> 108 | ... M58: =+[4]Total!M58 -> 202
A59: Nhamatanda | B59: =+[4]Total!B59 -> 640 | C59: =+[4]Total!C59 -> 752 | D59: =+[4]Total!D59 -> 845 | E59: =+[4]Total!E59 -> 827 | F59: =+[4]Total!F59 -> 835 | G59: =+[4]Total!G59 -> 871 | H59: =+[4]Total!H59 -> 949 | I59: =+[4]Total!I59 -> 1016 | ... M59: =+[4]Total!M59 -> 1384
B60: =+[4]Total!B60 -> 0 | C60: =+[4]Total!C60 -> 0 | D60: =+[4]Total!D60 -> 0 | E60: =+[4]Total!E60 -> 0 | F60: =+[4]Total!F60 -> 0 | G60: =+[4]Total!G60 -> 0 | H60: =+[4]Total!H60 -> 0 | I60: =+[4]Total!I60 -> 0 | ... M60: =+[4]Total!M60 -> 0
A61: Manica | B61: =SUM(B62:B74) -> 8033 | C61: =SUM(C62:C74) -> 8203 | D61: =SUM(D62:D74) -> 8518 | E61: =SUM(E62:E74) -> 9171 | F61: =SUM(F62:F74) -> 9757 | G61: =SUM(G62:G74) -> 10428 | H61: =SUM(H62:H74) -> 10827 | I61: =SUM(I62:I74) -> 11614 | ... M61: =SUM(M62:M74) -> 14184
A62: Cidade de Chimoio | B62: =+[4]Total!B62 -> 4402 | C62: =+[4]Total!C62 -> 4475 | D62: =+[4]Total!D62 -> 4646 | E62: =+[4]Total!E62 -> 4905 | F62: =+[4]Total!F62 -> 5161 | G62: =+[4]Total!G62 -> 5443 | H62: =+[4]Total!H62 -> 5621 | I62: =+[4]Total!I62 -> 6039 | ... M62: =+[4]Total!M62 -> 7674
A63: Bárue | B63: =+[4]Total!B63 -> 459 | C63: =+[4]Total!C63 -> 496 | D63: =+[4]Total!D63 -> 527 | E63: =+[4]Total!E63 -> 595 | F63: =+[4]Total!F63 -> 626 | G63: =+[4]Total!G63 -> 675 | H63: =+[4]Total!H63 -> 777 | I63: =+[4]Total!I63 -> 873 | ... M63: =+[4]Total!M63 -> 905
A64: Gondola | B64: =+[4]Total!B64 -> 438 | C64: =+[4]Total!C64 -> 440 | D64: =+[4]Total!D64 -> 470 | E64: =+[4]Total!E64 -> 503 | F64: =+[4]Total!F64 -> 525 | G64: =+[4]Total!G64 -> 587 | H64: =+[4]Total!H64 -> 604 | I64: =+[4]Total!I64 -> 640 | ... M64: =+[4]Total!M64 -> 806
A65: Guro | B65: =+[4]Total!B65 -> 280 | C65: =+[4]Total!C65 -> 279 | D65: =+[4]Total!D65 -> 284 | E65: =+[4]Total!E65 -> 317 | F65: =+[4]Total!F65 -> 340 | G65: =+[4]Total!G65 -> 376 | H65: =+[4]Total!H65 -> 382 | I65: =+[4]Total!I65 -> 412 | ... M65: =+[4]Total!M65 -> 578
A66: Machaze | B66: =+[4]Total!B66 -> 215 | C66: =+[4]Total!C66 -> 210 | D66: =+[4]Total!D66 -> 219 | E66: =+[4]Total!E66 -> 234 | F66: =+[4]Total!F66 -> 232 | G66: =+[4]Total!G66 -> 252 | H66: =+[4]Total!H66 -> 262 | I66: =+[4]Total!I66 -> 273 | ... M66: =+[4]Total!M66 -> 302
A67: Macossa | B67: =+[4]Total!B67 -> 63 | C67: =+[4]Total!C67 -> 72 | D67: =+[4]Total!D67 -> 78 | E67: =+[4]Total!E67 -> 93 | F67: =+[4]Total!F67 -> 108 | G67: =+[4]Total!G67 -> 129 | H67: =+[4]Total!H67 -> 120 | I67: =+[4]Total!I67 -> 116 | ... M67: =+[4]Total!M67 -> 149
A68: Manica | B68: =+[4]Total!B68 -> 935 | C68: =+[4]Total!C68 -> 959 | D68: =+[4]Total!D68 -> 972 | E68: =+[4]Total!E68 -> 1044 | F68: =+[4]Total!F68 -> 1094 | G68: =+[4]Total!G68 -> 1162 | H68: =+[4]Total!H68 -> 1211 | I68: =+[4]Total!I68 -> 1277 | ... M68: =+[4]Total!M68 -> 1614
A69: Mossurize | B69: =+[4]Total!B69 -> 278 | C69: =+[4]Total!C69 -> 281 | D69: =+[4]Total!D69 -> 266 | E69: =+[4]Total!E69 -> 303 | F69: =+[4]Total!F69 -> 363 | G69: =+[4]Total!G69 -> 367 | H69: =+[4]Total!H69 -> 400 | I69: =+[4]Total!I69 -> 417 | ... M69: =+[4]Total!M69 -> 490
A70: Sussundenga | B70: =+[4]Total!B70 -> 414 | C70: =+[4]Total!C70 -> 408 | D70: =+[4]Total!D70 -> 430 | E70: =+[4]Total!E70 -> 488 | F70: =+[4]Total!F70 -> 576 | G70: =+[4]Total!G70 -> 625 | H70: =+[4]Total!H70 -> 642 | I70: =+[4]Total!I70 -> 678 | ... M70: =+[4]Total!M70 -> 829
A71: Tambara | B71: =+[4]Total!B71 -> 103 | C71: =+[4]Total!C71 -> 105 | D71: =+[4]Total!D71 -> 110 | E71: =+[4]Total!E71 -> 131 | F71: =+[4]Total!F71 -> 131 | G71: =+[4]Total!G71 -> 150 | H71: =+[4]Total!H71 -> 161 | I71: =+[4]Total!I71 -> 173 | ... M71: =+[4]Total!M71 -> 141
A72: Macate | B72: =+[4]Total!B72 -> 41 | C72: =+[4]Total!C72 -> 38 | D72: =+[4]Total!D72 -> 45 | E72: =+[4]Total!E72 -> 41 | F72: =+[4]Total!F72 -> 52 | G72: =+[4]Total!G72 -> 55 | H72: =+[4]Total!H72 -> 63 | I72: =+[4]Total!I72 -> 74 | ... M72: =+[4]Total!M72 -> 22
A73: Vanduzi | B73: =+[4]Total!B73 -> 405 | C73: =+[4]Total!C73 -> 440 | D73: =+[4]Total!D73 -> 471 | E73: =+[4]Total!E73 -> 517 | F73: =+[4]Total!F73 -> 549 | G73: =+[4]Total!G73 -> 607 | H73: =+[4]Total!H73 -> 584 | I73: =+[4]Total!I73 -> 642 | ... M73: =+[4]Total!M73 -> 674
B74: =+[4]Total!B74 -> 0 | C74: =+[4]Total!C74 -> 0 | D74: =+[4]Total!D74 -> 0 | E74: =+[4]Total!E74 -> 0 | F74: =+[4]Total!F74 -> 0 | G74: =+[4]Total!G74 -> 0 | H74: =+[4]Total!H74 -> 0 | I74: =+[4]Total!I74 -> 0 | ... M74: =+[4]Total!M74 -> 0
A75: Tete | B75: =SUM(B76:B91) -> 8267 | C75: =SUM(C76:C91) -> 8448 | D75: =SUM(D76:D91) -> 8812 | E75: =SUM(E76:E91) -> 9363 | F75: =SUM(F76:F91) -> 9985 | G75: =SUM(G76:G91) -> 10574 | H75: =SUM(H76:H91) -> 11067 | I75: =SUM(I76:I91) -> 11421 | ... M75: =SUM(M76:M91) -> 14748
A76: Cidade de Tete | B76: =+[4]Total!B76 -> 4285 | C76: =+[4]Total!C76 -> 4355 | D76: =+[4]Total!D76 -> 4448 | E76: =+[4]Total!E76 -> 4649 | F76: =+[4]Total!F76 -> 4866 | G76: =+[4]Total!G76 -> 5020 | H76: =+[4]Total!H76 -> 5252 | I76: =+[4]Total!I76 -> 5369 | ... M76: =+[4]Total!M76 -> 6820
A77: Angónia | B77: =+[4]Total!B77 -> 650 | C77: =+[4]Total!C77 -> 648 | D77: =+[4]Total!D77 -> 693 | E77: =+[4]Total!E77 -> 774 | F77: =+[4]Total!F77 -> 831 | G77: =+[4]Total!G77 -> 923 | H77: =+[4]Total!H77 -> 989 | I77: =+[4]Total!I77 -> 1030 | ... M77: =+[4]Total!M77 -> 1397
A78: Cahora-Bassa | B78: =+[4]Total!B78 -> 497 | C78: =+[4]Total!C78 -> 506 | D78: =+[4]Total!D78 -> 565 | E78: =+[4]Total!E78 -> 582 | F78: =+[4]Total!F78 -> 612 | G78: =+[4]Total!G78 -> 665 | H78: =+[4]Total!H78 -> 717 | I78: =+[4]Total!I78 -> 729 | ... M78: =+[4]Total!M78 -> 980
A79: Changara | B79: =+[4]Total!B79 -> 355 | C79: =+[4]Total!C79 -> 368 | D79: =+[4]Total!D79 -> 393 | E79: =+[4]Total!E79 -> 416 | F79: =+[4]Total!F79 -> 432 | G79: =+[4]Total!G79 -> 488 | H79: =+[4]Total!H79 -> 497 | I79: =+[4]Total!I79 -> 525 | ... M79: =+[4]Total!M79 -> 558
A80: Chifunde | B80: =+[4]Total!B80 -> 63 | C80: =+[4]Total!C80 -> 58 | D80: =+[4]Total!D80 -> 67 | E80: =+[4]Total!E80 -> 74 | F80: =+[4]Total!F80 -> 102 | G80: =+[4]Total!G80 -> 111 | H80: =+[4]Total!H80 -> 114 | I80: =+[4]Total!I80 -> 116 | ... M80: =+[4]Total!M80 -> 172
A81: Chiuta | B81: =+[4]Total!B81 -> 136 | C81: =+[4]Total!C81 -> 142 | D81: =+[4]Total!D81 -> 171 | E81: =+[4]Total!E81 -> 187 | F81: =+[4]Total!F81 -> 180 | G81: =+[4]Total!G81 -> 201 | H81: =+[4]Total!H81 -> 215 | I81: =+[4]Total!I81 -> 213 | ... M81: =+[4]Total!M81 -> 209
A82: Macanga | B82: =+[4]Total!B82 -> 316 | C82: =+[4]Total!C82 -> 341 | D82: =+[4]Total!D82 -> 350 | E82: =+[4]Total!E82 -> 408 | F82: =+[4]Total!F82 -> 471 | G82: =+[4]Total!G82 -> 503 | H82: =+[4]Total!H82 -> 525 | I82: =+[4]Total!I82 -> 557 | ... M82: =+[4]Total!M82 -> 865
A83: Mágoe | B83: =+[4]Total!B83 -> 155 | C83: =+[4]Total!C83 -> 168 | D83: =+[4]Total!D83 -> 178 | E83: =+[4]Total!E83 -> 188 | F83: =+[4]Total!F83 -> 230 | G83: =+[4]Total!G83 -> 221 | H83: =+[4]Total!H83 -> 232 | I83: =+[4]Total!I83 -> 240 | ... M83: =+[4]Total!M83 -> 258
A84: Maravia | B84: =+[4]Total!B84 -> 103 | C84: =+[4]Total!C84 -> 108 | D84: =+[4]Total!D84 -> 116 | E84: =+[4]Total!E84 -> 130 | F84: =+[4]Total!F84 -> 143 | G84: =+[4]Total!G84 -> 157 | H84: =+[4]Total!H84 -> 167 | I84: =+[4]Total!I84 -> 180 | ... M84: =+[4]Total!M84 -> 299
A85: Moatize | B85: =+[4]Total!B85 -> 1057 | C85: =+[4]Total!C85 -> 1071 | D85: =+[4]Total!D85 -> 1138 | E85: =+[4]Total!E85 -> 1171 | F85: =+[4]Total!F85 -> 1277 | G85: =+[4]Total!G85 -> 1306 | H85: =+[4]Total!H85 -> 1318 | I85: =+[4]Total!I85 -> 1351 | ... M85: =+[4]Total!M85 -> 1675
A86: Mutarara | B86: =+[4]Total!B86 -> 272 | C86: =+[4]Total!C86 -> 293 | D86: =+[4]Total!D86 -> 294 | E86: =+[4]Total!E86 -> 313 | F86: =+[4]Total!F86 -> 330 | G86: =+[4]Total!G86 -> 401 | H86: =+[4]Total!H86 -> 423 | I86: =+[4]Total!I86 -> 450 | ... M86: =+[4]Total!M86 -> 717
A87: Tsangano | B87: =+[4]Total!B87 -> 166 | C87: =+[4]Total!C87 -> 175 | D87: =+[4]Total!D87 -> 167 | E87: =+[4]Total!E87 -> 221 | F87: =+[4]Total!F87 -> 223 | G87: =+[4]Total!G87 -> 260 | H87: =+[4]Total!H87 -> 274 | I87: =+[4]Total!I87 -> 298 | ... M87: =+[4]Total!M87 -> 408
... A90: Marara | B90: =+[4]Total!B90 -> 78 | C90: =+[4]Total!C90 -> 82 | D90: =+[4]Total!D90 -> 94 | E90: =+[4]Total!E90 -> 88 | F90: =+[4]Total!F90 -> 98 | G90: =+[4]Total!G90 -> 101 | H90: =+[4]Total!H90 -> 103 | I90: =+[4]Total!I90 -> 103 | ... M90: =+[4]Total!M90 -> 107
B91: =+[4]Total!B91 -> 0 | C91: =+[4]Total!C91 -> 0 | D91: =+[4]Total!D91 -> 0 | E91: =+[4]Total!E91 -> 0 | F91: =+[4]Total!F91 -> 0 | G91: =+[4]Total!G91 -> 0 | H91: =+[4]Total!H91 -> 0 | I91: =+[4]Total!I91 -> 0 | ... M91: =+[4]Total!M91 -> 0
A92: Zambézia | B92: =SUM(B93:B115) -> 10953 | C92: =SUM(C93:C115) -> 11473 | D92: =SUM(D93:D115) -> 11607 | E92: =SUM(E93:E115) -> 12549 | F92: =SUM(F93:F115) -> 13422 | G92: =SUM(G93:G115) -> 14308 | H92: =SUM(H93:H115) -> 14926 | I92: =SUM(I93:I115) -> 15843 | ... M92: =SUM(M93:M115) -> 19904
A93: Cidade de Quelimane | B93: =+[4]Total!B93 -> 3573 | C93: =+[4]Total!C93 -> 3760 | D93: =+[4]Total!D93 -> 3699 | E93: =+[4]Total!E93 -> 3894 | F93: =+[4]Total!F93 -> 4038 | G93: =+[4]Total!G93 -> 4255 | H93: =+[4]Total!H93 -> 4404 | I93: =+[4]Total!I93 -> 4650 | ... M93: =+[4]Total!M93 -> 6012
A94: Alto Molócuè | B94: =+[4]Total!B94 -> 595 | C94: =+[4]Total!C94 -> 618 | D94: =+[4]Total!D94 -> 641 | E94: =+[4]Total!E94 -> 669 | F94: =+[4]Total!F94 -> 720 | G94: =+[4]Total!G94 -> 777 | H94: =+[4]Total!H94 -> 810 | I94: =+[4]Total!I94 -> 900 | ... M94: =+[4]Total!M94 -> 1114
A95: Chinde | B95: =+[4]Total!B95 -> 50 | C95: =+[4]Total!C95 -> 58 | D95: =+[4]Total!D95 -> 69 | E95: =+[4]Total!E95 -> 71 | F95: =+[4]Total!F95 -> 79 | G95: =+[4]Total!G95 -> 91 | H95: =+[4]Total!H95 -> 86 | I95: =+[4]Total!I95 -> 94 | ... M95: =+[4]Total!M95 -> 89
A96: Gurúè | B96: =+[4]Total!B96 -> 799 | C96: =+[4]Total!C96 -> 800 | D96: =+[4]Total!D96 -> 821 | E96: =+[4]Total!E96 -> 893 | F96: =+[4]Total!F96 -> 962 | G96: =+[4]Total!G96 -> 1075 | H96: =+[4]Total!H96 -> 1125 | I96: =+[4]Total!I96 -> 1217 | ... M96: =+[4]Total!M96 -> 1638
A97: Ile | B97: =+[4]Total!B97 -> 275 | C97: =+[4]Total!C97 -> 315 | D97: =+[4]Total!D97 -> 331 | E97: =+[4]Total!E97 -> 367 | F97: =+[4]Total!F97 -> 393 | G97: =+[4]Total!G97 -> 454 | H97: =+[4]Total!H97 -> 478 | I97: =+[4]Total!I97 -> 513 | ... M97: =+[4]Total!M97 -> 666
A98: Inhassunge | B98: =+[4]Total!B98 -> 70 | C98: =+[4]Total!C98 -> 78 | D98: =+[4]Total!D98 -> 110 | E98: =+[4]Total!E98 -> 114 | F98: =+[4]Total!F98 -> 122 | G98: =+[4]Total!G98 -> 133 | H98: =+[4]Total!H98 -> 136 | I98: =+[4]Total!I98 -> 144 | ... M98: =+[4]Total!M98 -> 104
A99: Lugela | B99: =+[4]Total!B99 -> 157 | C99: =+[4]Total!C99 -> 166 | D99: =+[4]Total!D99 -> 164 | E99: =+[4]Total!E99 -> 185 | F99: =+[4]Total!F99 -> 210 | G99: =+[4]Total!G99 -> 227 | H99: =+[4]Total!H99 -> 266 | I99: =+[4]Total!I99 -> 258 | ... M99: =+[4]Total!M99 -> 291
A100: Gilé | B100: =+[4]Total!B100 -> 367 | C100: =+[4]Total!C100 -> 376 | D100: =+[4]Total!D100 -> 384 | E100: =+[4]Total!E100 -> 435 | F100: =+[4]Total!F100 -> 475 | G100: =+[4]Total!G100 -> 495 | H100: =+[4]Total!H100 -> 503 | I100: =+[4]Total!I100 -> 523 | ... M100: =+[4]Total!M100 -> 615
A101: Maganja da Costa | B101: =+[4]Total!B101 -> 285 | C101: =+[4]Total!C101 -> 319 | D101: =+[4]Total!D101 -> 325 | E101: =+[4]Total!E101 -> 344 | F101: =+[4]Total!F101 -> 393 | G101: =+[4]Total!G101 -> 414 | H101: =+[4]Total!H101 -> 424 | I101: =+[4]Total!I101 -> 448 | ... M101: =+[4]Total!M101 -> 443
A102: Milange | B102: =+[4]Total!B102 -> 668 | C102: =+[4]Total!C102 -> 706 | D102: =+[4]Total!D102 -> 710 | E102: =+[4]Total!E102 -> 782 | F102: =+[4]Total!F102 -> 832 | G102: =+[4]Total!G102 -> 910 | H102: =+[4]Total!H102 -> 975 | I102: =+[4]Total!I102 -> 1049 | ... M102: =+[4]Total!M102 -> 1431
A103: Mocuba | B103: =+[4]Total!B103 -> 1291 | C103: =+[4]Total!C103 -> 1322 | D103: =+[4]Total!D103 -> 1346 | E103: =+[4]Total!E103 -> 1464 | F103: =+[4]Total!F103 -> 1566 | G103: =+[4]Total!G103 -> 1662 | H103: =+[4]Total!H103 -> 1705 | I103: =+[4]Total!I103 -> 1855 | ... M103: =+[4]Total!M103 -> 2555
A104: Mopeia | B104: =+[4]Total!B104 -> 295 | C104: =+[4]Total!C104 -> 296 | D104: =+[4]Total!D104 -> 310 | E104: =+[4]Total!E104 -> 330 | F104: =+[4]Total!F104 -> 382 | G104: =+[4]Total!G104 -> 405 | H104: =+[4]Total!H104 -> 430 | I104: =+[4]Total!I104 -> 443 | ... M104: =+[4]Total!M104 -> 531
...

Sheet Depósitos IME 2023
A1: TABELA 13: Volume e valor dos depósitos por distrito
A2: Ano: 2023 | B2: Jan | D2: Fev | F2: Mar | H2: Abr | J2: Mai | L2: Jun | N2: Jul | P2: Agosto | R2: Set | T2: Out | V2: Nov | X2: Dez | Z2: Total
B3: Volume | C3: Valor | D3: Volume | E3: Valor | F3: Volume | G3: Valor | H3: Volume | I3: Valor | J3: Volume | K3: Valor | L3: Volume | M3: Valor | N3: Volume | O3: Valor | P3: Volume | Q3: Valor | R3: Volume | S3: Valor | T3: Volume | U3: Valor | V3: Volume | W3: Valor | X3: Volume | Y3: Valor | Z3: Volume | AA3: Valor
A4: Província de Maputo | B4: =SUM(B5:B14) -> 9474452 | C4: =SUM(C5:C14) -> 8.5004969e+09 | D4: =SUM(D5:D14) -> 9407719 | E4: =SUM(E5:E14) -> 8.7593001e+09 | F4: =SUM(F5:F14) -> 11015633 | G4: =SUM(G5:G14) -> 1.023806e+10 | H4: =SUM(H5:H14) -> 11102169 | I4: =SUM(I5:I14) -> 1.0011463e+10 | ... AA4: =SUM(AA5:AA14) -> 1.4104661e+11
A5: Cidade de Maputo | B5: =+[5]Total!B5 -> 4227546 | C5: =+[5]Total!C5 -> 4.2364125e+09 | D5: =+[5]Total!D5 -> 4320556 | E5: =+[5]Total!E5 -> 4.5426858e+09 | F5: =+[5]Total!F5 -> 5073832 | G5: =+[5]Total!G5 -> 5.320399e+09 | H5: =+[5]Total!H5 -> 4979650 | I5: =+[5]Total!I5 -> 5.008909e+09 | ... S5: =+[5]Total!S5 -> 6.2500671e+09 | T5: =+[6]Total!T5 -> 5636627 | U5: =+[6]Total!U5 -> 5.9100894e+09 | V5: =+[6]Total!V5 -> 7622435 | W5: =+[6]Total!W5 -> 7.8677953e+09 | X5: =+[6]Total!X5 -> 6455796 | Y5: =+[6]Total!Y5 -> 7.8351249e+09 | Z5: =+B5+D5+F5+H5+J5+L5+N5+P5+R5+T5+V5+X5 -> 66216219 | AA5: =+C5+E5+G5+I5+K5+M5+O5+Q5+S5+U5+W5+Y5 -> 6.9484154e+10
A6: Cidade da Matola | B6: =+[5]Total!B6 -> 3491970 | C6: =+[5]Total!C6 -> 2.7461495e+09 | D6: =+[5]Total!D6 -> 3409269 | E6: =+[5]Total!E6 -> 2.7250821e+09 | F6: =+[5]Total!F6 -> 3942882 | G6: =+[5]Total!G6 -> 3.1319207e+09 | H6: =+[5]Total!H6 -> 3939018 | I6: =+[5]Total!I6 -> 3.0978322e+09 | ... S6: =+[5]Total!S6 -> 4.0379891e+09 | T6: =+[6]Total!T6 -> 4762601 | U6: =+[6]Total!U6 -> 3.9680882e+09 | V6: =+[6]Total!V6 -> 6364448 | W6: =+[6]Total!W6 -> 5.3988616e+09 | X6: =+[6]Total!X6 -> 5356544 | Y6: =+[6]Total!Y6 -> 5.2975391e+09 | Z6: =+B6+D6+F6+H6+J6+L6+N6+P6+R6+T6+V6+X6 -> 53616497 | AA6: =+C6+E6+G6+I6+K6+M6+O6+Q6+S6+U6+W6+Y6 -> 4.4485554e+10
A7: Boane | B7: =+[5]Total!B7 -> 491695 | C7: =+[5]Total!C7 -> 4.1814117e+08 | D7: =+[5]Total!D7 -> 466295 | E7: =+[5]Total!E7 -> 4.0309012e+08 | F7: =+[5]Total!F7 -> 566258 | G7: =+[5]Total!G7 -> 4.7756912e+08 | H7: =+[5]Total!H7 -> 600507 | I7: =+[5]Total!I7 -> 5.024475e+08 | ... S7: =+[5]Total!S7 -> 6.5787783e+08 | T7: =+[6]Total!T7 -> 763385 | U7: =+[6]Total!U7 -> 6.6629431e+08 | V7: =+[6]Total!V7 -> 997433 | W7: =+[6]Total!W7 -> 8.8386388e+08 | X7: =+[6]Total!X7 -> 880994 | Y7: =+[6]Total!Y7 -> 9.245163e+08 | Z7: =+B7+D7+F7+H7+J7+L7+N7+P7+R7+T7+V7+X7 -> 8211150 | AA7: =+C7+E7+G7+I7+K7+M7+O7+Q7+S7+U7+W7+Y7 -> 7.1970098e+09
A8: Magude | B8: =+[5]Total!B8 -> 55480 | C8: =+[5]Total!C8 -> 49155649 | D8: =+[5]Total!D8 -> 52766 | E8: =+[5]Total!E8 -> 43350105 | F8: =+[5]Total!F8 -> 66115 | G8: =+[5]Total!G8 -> 57635749 | H8: =+[5]Total!H8 -> 68100 | I8: =+[5]Total!I8 -> 56069359 | ... S8: =+[5]Total!S8 -> 75561974 | T8: =+[6]Total!T8 -> 85149 | U8: =+[6]Total!U8 -> 74657296 | V8: =+[6]Total!V8 -> 114057 | W8: =+[6]Total!W8 -> 98164689 | X8: =+[6]Total!X8 -> 93200 | Y8: =+[6]Total!Y8 -> 98658657 | Z8: =+B8+D8+F8+H8+J8+L8+N8+P8+R8+T8+V8+X8 -> 922623 | AA8: =+C8+E8+G8+I8+K8+M8+O8+Q8+S8+U8+W8+Y8 -> 8.243321e+08
A9: Manhiça | B9: =+[5]Total!B9 -> 301817 | C9: =+[5]Total!C9 -> 1.9700837e+08 | D9: =+[5]Total!D9 -> 286585 | E9: =+[5]Total!E9 -> 1.9017771e+08 | F9: =+[5]Total!F9 -> 330075 | G9: =+[5]Total!G9 -> 2.1369208e+08 | H9: =+[5]Total!H9 -> 335690 | I9: =+[5]Total!I9 -> 2.1116437e+08 | ... S9: =+[5]Total!S9 -> 2.7488103e+08 | T9: =+[6]Total!T9 -> 400512 | U9: =+[6]Total!U9 -> 2.7443863e+08 | V9: =+[6]Total!V9 -> 503520 | W9: =+[6]Total!W9 -> 3.3216311e+08 | X9: =+[6]Total!X9 -> 449876 | Y9: =+[6]Total!Y9 -> 3.5133326e+08 | Z9: =+B9+D9+F9+H9+J9+L9+N9+P9+R9+T9+V9+X9 -> 4482337 | AA9: =+C9+E9+G9+I9+K9+M9+O9+Q9+S9+U9+W9+Y9 -> 3.0274173e+09
A10: Marracuene | B10: =+[5]Total!B10 -> 593091 | C10: =+[5]Total!C10 -> 4.817467e+08 | D10: =+[5]Total!D10 -> 569223 | E10: =+[5]Total!E10 -> 4.7199886e+08 | F10: =+[5]Total!F10 -> 672181 | G10: =+[5]Total!G10 -> 5.7504319e+08 | H10: =+[5]Total!H10 -> 807677 | I10: =+[5]Total!I10 -> 6.7446683e+08 | ... S10: =+[5]Total!S10 -> 8.9016157e+08 | T10: =+[6]Total!T10 -> 1024103 | U10: =+[6]Total!U10 -> 9.6667181e+08 | V10: =+[6]Total!V10 -> 1338117 | W10: =+[6]Total!W10 -> 1.2948406e+09 | X10: =+[6]Total!X10 -> 1158546 | Y10: =+[6]Total!Y10 -> 1.3013227e+09 | Z10: =+B10+D10+F10+H10+J10+L10+N10+P10+R10+T10+V10+X10 -> 10886034 | AA10: =+C10+E10+G10+I10+K10+M10+O10+Q10+S10+U10+W10+Y10 -> 9.7284971e+09
A11: Matutuíne | B11: =+[5]Total!B11 -> 80559 | C11: =+[5]Total!C11 -> 70493603 | D11: =+[5]Total!D11 -> 77138 | E11: =+[5]Total!E11 -> 59272260 | F11: =+[5]Total!F11 -> 93245 | G11: =+[5]Total!G11 -> 71028575 | H11: =+[5]Total!H11 -> 98341 | I11: =+[5]Total!I11 -> 78992058 | ... S11: =+[5]Total!S11 -> 97137871 | T11: =+[6]Total!T11 -> 122119 | U11: =+[6]Total!U11 -> 95773221 | V11: =+[6]Total!V11 -> 169422 | W11: =+[6]Total!W11 -> 1.3361259e+08 | X11: =+[6]Total!X11 -> 148988 | Y11: =+[6]Total!Y11 -> 1.4751749e+08 | Z11: =+B11+D11+F11+H11+J11+L11+N11+P11+R11+T11+V11+X11 -> 1338722 | AA11: =+C11+E11+G11+I11+K11+M11+O11+Q11+S11+U11+W11+Y11 -> 1.090759e+09
A12: Namaacha | B12: =+[5]Total!B12 -> 47091 | C12: =+[5]Total!C12 -> 42723683 | D12: =+[5]Total!D12 -> 41805 | E12: =+[5]Total!E12 -> 47249290 | F12: =+[5]Total!F12 -> 51020 | G12: =+[5]Total!G12 -> 51148921 | H12: =+[5]Total!H12 -> 52805 | I12: =+[5]Total!I12 -> 55282569 | ... S12: =+[5]Total!S12 -> 66623286 | T12: =+[6]Total!T12 -> 62182 | U12: =+[6]Total!U12 -> 62171017 | V12: =+[6]Total!V12 -> 82755 | W12: =+[6]Total!W12 -> 78710740 | X12: =+[6]Total!X12 -> 69957 | Y12: =+[6]Total!Y12 -> 78035035 | Z12: =+B12+D12+F12+H12+J12+L12+N12+P12+R12+T12+V12+X12 -> 710570 | AA12: =+C12+E12+G12+I12+K12+M12+O12+Q12+S12+U12+W12+Y12 -> 7.2563896e+08
A13: Moamba | B13: =+[5]Total!B13 -> 185203 | C13: =+[5]Total!C13 -> 2.5866572e+08 | D13: =+[5]Total!D13 -> 184082 | E13: =+[5]Total!E13 -> 2.7639386e+08 | F13: =+[5]Total!F13 -> 220025 | G13: =+[5]Total!G13 -> 3.3962311e+08 | H13: =+[5]Total!H13 -> 220381 | I13: =+[5]Total!I13 -> 3.2629913e+08 | ... S13: =+[5]Total!S13 -> 3.9311222e+08 | T13: =+[6]Total!T13 -> 270058 | U13: =+[6]Total!U13 -> 4.4861306e+08 | V13: =+[6]Total!V13 -> 360087 | W13: =+[6]Total!W13 -> 5.6693899e+08 | X13: =+[6]Total!X13 -> 302352 | Y13: =+[6]Total!Y13 -> 4.5073792e+08 | Z13: =+B13+D13+F13+H13+J13+L13+N13+P13+R13+T13+V13+X13 -> 2974535 | AA13: =+C13+E13+G13+I13+K13+M13+O13+Q13+S13+U13+W13+Y13 -> 4.483244e+09
B14: =+[5]Total!B14 -> 0 | C14: =+[5]Total!C14 -> 0 | D14: =+[5]Total!D14 -> 0 | E14: =+[5]Total!E14 -> 0 | F14: =+[5]Total!F14 -> 0 | G14: =+[5]Total!G14 -> 0 | H14: =+[5]Total!H14 -> 0 | I14: =+[5]Total!I14 -> 0 | ... Y14: =+[5]Total!Y14 -> 0 | Z14: =+B14+D14+F14+H14+J14+L14+N14+P14+R14+T14+V14+X14 -> 0 | AA14: =+C14+E14+G14+I14+K14+M14+O14+Q14+S14+U14+W14+Y14 -> 0
A15: Gaza | B15: =SUM(B16:B29) -> 1478960 | C15: =SUM(C16:C29) -> 1.2437431e+09 | D15: =SUM(D16:D29) -> 1415046 | E15: =SUM(E16:E29) -> 1.2201134e+09 | F15: =SUM(F16:F30) -> 1641070 | G15: =SUM(G16:G30) -> 1.3759594e+09 | H15: =SUM(H16:H30) -> 1681776 | I15: =SUM(I16:I30) -> 1.3515928e+09 | J15: =SUM(J16:J30) -> 1774400 | K15: =SUM(K16:K30) -> 1.4090432e+09 | L15: =SUM(L16:L30) -> 1702450 | M15: =SUM(M16:M30) -> 1.4359022e+09 | ... AA15: =SUM(AA16:AA30) -> 1.9065969e+10
A16: Cidade de Xai-Xai | B16: =+[5]Total!B16 -> 412038 | C16: =+[5]Total!C16 -> 3.7678536e+08 | D16: =+[5]Total!D16 -> 406138 | E16: =+[5]Total!E16 -> 3.6867539e+08 | F16: =+[5]Total!F16 -> 477794 | G16: =+[5]Total!G16 -> 4.1483673e+08 | H16: =+[5]Total!H16 -> 473190 | I16: =+[5]Total!I16 -> 3.8820877e+08 | ... S16: =+[5]Total!S16 -> 4.4872568e+08 | T16: =+[6]Total!T16 -> 567879 | U16: =+[6]Total!U16 -> 4.4643604e+08 | V16: =+[6]Total!V16 -> 789113 | W16: =+[6]Total!W16 -> 6.3385988e+08 | X16: =+[6]Total!X16 -> 672441 | Y16: =+[6]Total!Y16 -> 6.57133e+08 | Z16: =+B16+D16+F16+H16+J16+L16+N16+P16+R16+T16+V16+X16 -> 6476604 | AA16: =+C16+E16+G16+I16+K16+M16+O16+Q16+S16+U16+W16+Y16 -> 5.4746285e+09
A17: Bilene-Macia | B17: =+[5]Total!B17 -> 256518 | C17: =+[5]Total!C17 -> 2.1820354e+08 | D17: =+[5]Total!D17 -> 232965 | E17: =+[5]Total!E17 -> 2.069751e+08 | F17: =+[5]Total!F17 -> 265957 | G17: =+[5]Total!G17 -> 2.4426242e+08 | H17: =+[5]Total!H17 -> 268850 | I17: =+[5]Total!I17 -> 2.3691618e+08 | ... S17: =+[5]Total!S17 -> 2.6750725e+08 | T17: =+[6]Total!T17 -> 312729 | U17: =+[6]Total!U17 -> 2.8002859e+08 | V17: =+[6]Total!V17 -> 417793 | W17: =+[6]Total!W17 -> 3.5437923e+08 | X17: =+[6]Total!X17 -> 385053 | Y17: =+[6]Total!Y17 -> 3.76899e+08 | Z17: =+B17+D17+F17+H17+J17+L17+N17+P17+R17+T17+V17+X17 -> 3611087 | AA17: =+C17+E17+G17+I17+K17+M17+O17+Q17+S17+U17+W17+Y17 -> 3.2174058e+09
A18: Chibuto | B18: =+[5]Total!B18 -> 138362 | C18: =+[5]Total!C18 -> 1.2498055e+08 | D18: =+[5]Total!D18 -> 128177 | E18: =+[5]Total!E18 -> 1.1897386e+08 | F18: =+[5]Total!F18 -> 146800 | G18: =+[5]Total!G18 -> 1.3552328e+08 | H18: =+[5]Total!H18 -> 150804 | I18: =+[5]Total!I18 -> 1.3313779e+08 | ... S18: =+[5]Total!S18 -> 1.5879267e+08 | T18: =+[6]Total!T18 -> 195750 | U18: =+[6]Total!U18 -> 1.8141802e+08 | V18: =+[6]Total!V18 -> 264730 | W18: =+[6]Total!W18 -> 2.35787e+08 | X18: =+[6]Total!X18 -> 237437 | Y18: =+[6]Total!Y18 -> 2.412217e+08 | Z18: =+B18+D18+F18+H18+J18+L18+N18+P18+R18+T18+V18+X18 -> 2124543 | AA18: =+C18+E18+G18+I18+K18+M18+O18+Q18+S18+U18+W18+Y18 -> 1.9412422e+09
A19: Chicualacuala | B19: =+[5]Total!B19 -> 24933 | C19: =+[5]Total!C19 -> 20602088 | D19: =+[5]Total!D19 -> 25176 | E19: =+[5]Total!E19 -> 21045261 | F19: =+[5]Total!F19 -> 28214 | G19: =+[5]Total!G19 -> 24111503 | H19: =+[5]Total!H19 -> 30932 | I19: =+[5]Total!I19 -> 23052715 | ... S19: =+[5]Total!S19 -> 24498599 | T19: =+[6]Total!T19 -> 39563 | U19: =+[6]Total!U19 -> 24937177 | V19: =+[6]Total!V19 -> 55902 | W19: =+[6]Total!W19 -> 40706728 | X19: =+[6]Total!X19 -> 45081 | Y19: =+[6]Total!Y19 -> 39004110 | Z19: =+B19+D19+F19+H19+J19+L19+N19+P19+R19+T19+V19+X19 -> 431067 | AA19: =+C19+E19+G19+I19+K19+M19+O19+Q19+S19+U19+W19+Y19 -> 3.2218625e+08
A20: Chigubo | B20: =+[5]Total!B20 -> 7106 | C20: =+[5]Total!C20 -> 6947284.2 | D20: =+[5]Total!D20 -> 8310 | E20: =+[5]Total!E20 -> 7078484.2 | F20: =+[5]Total!F20 -> 8556 | G20: =+[5]Total!G20 -> 6489300.9 | H20: =+[5]Total!H20 -> 9097 | I20: =+[5]Total!I20 -> 7434521.2 | ... S20: =+[5]Total!S20 -> 10266392 | T20: =+[6]Total!T20 -> 12944 | U20: =+[6]Total!U20 -> 10467997 | V20: =+[6]Total!V20 -> 19178 | W20: =+[6]Total!W20 -> 16653111 | X20: =+[6]Total!X20 -> 14909 | Y20: =+[6]Total!Y20 -> 17117992 | Z20: =+B20+D20+F20+H20+J20+L20+N20+P20+R20+T20+V20+X20 -> 136892 | AA20: =+C20+E20+G20+I20+K20+M20+O20+Q20+S20+U20+W20+Y20 -> 1.2129071e+08
A21: Chókwè | B21: =+[5]Total!B21 -> 221934 | C21: =+[5]Total!C21 -> 1.9863424e+08 | D21: =+[5]Total!D21 -> 215406 | E21: =+[5]Total!E21 -> 1.8482323e+08 | F21: =+[5]Total!F21 -> 252984 | G21: =+[5]Total!G21 -> 2.1414989e+08 | H21: =+[5]Total!H21 -> 267905 | I21: =+[5]Total!I21 -> 2.2094531e+08 | ... S21: =+[5]Total!S21 -> 2.7017398e+08 | T21: =+[6]Total!T21 -> 328023 | U21: =+[6]Total!U21 -> 2.642519e+08 | V21: =+[6]Total!V21 -> 457203 | W21: =+[6]Total!W21 -> 3.7351804e+08 | X21: =+[6]Total!X21 -> 390913 | Y21: =+[6]Total!Y21 -> 3.6263676e+08 | Z21: =+B21+D21+F21+H21+J21+L21+N21+P21+R21+T21+V21+X21 -> 3650806 | AA21: =+C21+E21+G21+I21+K21+M21+O21+Q21+S21+U21+W21+Y21 -> 3.1010319e+09
A22: Guijá | B22: =+[5]Total!B22 -> 33346 | C22: =+[5]Total!C22 -> 26981892 | D22: =+[5]Total!D22 -> 35013 | E22: =+[5]Total!E22 -> 30971757 | F22: =+[5]Total!F22 -> 41182 | G22: =+[5]Total!G22 -> 37550201 | H22: =+[5]Total!H22 -> 42170 | I22: =+[5]Total!I22 -> 37115812 | ... S22: =+[5]Total!S22 -> 48484027 | T22: =+[6]Total!T22 -> 59333 | U22: =+[6]Total!U22 -> 50471551 | V22: =+[6]Total!V22 -> 82739 | W22: =+[6]Total!W22 -> 70666830 | X22: =+[6]Total!X22 -> 68569 | Y22: =+[6]Total!Y22 -> 64608339 | Z22: =+B22+D22+F22+H22+J22+L22+N22+P22+R22+T22+V22+X22 -> 617271 | AA22: =+C22+E22+G22+I22+K22+M22+O22+Q22+S22+U22+W22+Y22 -> 5.4133292e+08
